,username,post_text,sentiment_score
27841,叛逆行为艺术,我是真服了#合肥疫情#,1
26492,屠龙的胭脂井,啥也不说了，时间真的证明了，武汉真是英雄的城市。,1
17059,谦卑侯爷,如果这个女孩朋友圈是造谣，周处长可以选择报警了；如果她所说属实，周处长真是一位好婆婆。这一邮包米其林餐厅的活海鲜食材，不花她一个月工资估计下不来啊！,1
34693,北京头条,【昨日#上海新增355例确诊5298例无症状#】上海市卫健委今早（31日）通报：2022年3月30日0—24时，上海新增本土新冠肺炎确诊病例355例和无症状感染者5298例，其中16例确诊病例为此前无症状感染者转归，10例确诊病例和4477例无症状感染者在隔离管控中发现，其余在相关风险人群排查中发现。新增境外输入新冠肺炎确诊病例3例和无症状感染者1例，均在闭环管控中发现。2022年3月30日0—24时，上海新增本土新冠肺炎确诊病例355例，含16例由无症状感染者转为确诊病例。治愈出院20例。病例1、病例2，居住于浦东新区，病例3—病例5，居住于黄浦区，病例6，居住于静安区，病例7，居住于普陀区，病例8，居住于杨浦区，病例9，居住于闵行区，病例10，居住于松江区，均为上海市闭环隔离管控人员，其间新冠病毒核酸检测结果异常，经市疾控中心复核结果为阳性。经市级专家会诊，综合流行病学史、临床症状、实验室检测和影像学检查结果等，诊断为确诊病例。病例11—病例256，居住于浦东新区，病例257—病例269，居住于黄浦区，病例270—病例284，居住于徐汇区，病例285、病例286，居住于长宁区，病例287—病例293，居住于静安区，病例294—病例296，居住于普陀区，病例297，居住于虹口区，病例298、病例299，居住于杨浦区，病例300—病例317，居住于闵行区，病例318，居住于宝山区，病例319—病例326，居住于嘉定区，病例327—病例332，居住于松江区，病例333—病例335，居住于青浦区，病例336—病例339，居住于奉贤区，在风险人群筛查中发现新冠病毒核酸检测结果异常，即被隔离管控。经市疾控中心复核结果为阳性。经市级专家会诊，综合流行病学史、临床症状、实验室检测和影像学检查结果等，诊断为确诊病例。病例340，居住于浦东新区，病例341—病例346，居住于长宁区，病例347、病例348，居住于普陀区，病例349，居住于嘉定区，病例350，居住于松江区，病例351、病例352，居住于青浦区，病例353—病例355，居住于奉贤区，为此前报告的本土无症状感染者。经市级专家会诊，综合流行病学史、临床症状、实验室检测和影像学检查结果等，诊断为确诊病例。目前，已追踪到以上病例在上海市的密切接触者937人，均已落实集中隔离观察。对病例曾活动过的场所已进行终末消毒。2022年3月30日0—24时，新增本土无症状感染者5298例。无症状感染者1—无症状感染者1660，居住于浦东新区，无症状感染者1661—无症状感染者1935，居住于黄浦区，无症状感染者1936—无症状感染者2229，居住于徐汇区，无症状感染者2230—无症状感染者2337，居住于长宁区，无症状感染者2338—无症状感染者2415，居住于静安区，无症状感染者2416—无症状感染者2526，居住于普陀区，无症状感染者2527—无症状感染者2555，居住于虹口区，无症状感染者2556—无症状感染者2646，居住于杨浦区，无症状感染者2647—无症状感染者3326，居住于闵行区，无症状感染者3327—无症状感染者3811，居住于宝山区，无症状感染者3812—无症状感染者3919，居住于嘉定区，无症状感染者3920—无症状感染者3949，居住于金山区，无症状感染者3950—无症状感染者4160，居住于松江区，无症状感染者4161—无症状感染者4223，居住于青浦区，无症状感染者4224—无症状感染者4286，居住于奉贤区，无症状感染者4287—无症状感染者4477，居住于崇明区，均为上海市闭环隔离管控人员，其间新冠病毒核酸检测结果异常，经市疾控中心复核结果为阳性。经市级专家会诊，综合流行病学史、临床症状、实验室检测和影像学检查结果等，诊断为无症状感染者。无症状感染者4478—无症状感染者4775，居住于浦东新区，无症状感染者4776—无症状感染者4845，居住于黄浦区，无症状感染者4846—无症状感染者4940，居住于徐汇区，无症状感染者4941—无症状感染者4952，居住于长宁区，无症状感染者4953—无症状感染者4968，居住于静安区，无症状感染者4969—无症状感染者4997，居住于普陀区，无症状感染者4998—无症状感染者5051，居住于虹口区，无症状感染者5052—无症状感染者5057，居住于杨浦区，无症状感染者5058—无症状感染者5138，居住于闵行区，无症状感染者5139—无症状感染者5156，居住于宝山区，无症状感染者5157—无症状感染者5197，居住于嘉定区，无症状感染者5198—无症状感染者5200，居住于金山区，无症状感染者5201—无症状感染者5227，居住于松江区，无症状感染者5228—无症状感染者5236，居住于青浦区，无症状感染者5237—无症状感染者5296，居住于奉贤区，无症状感染者5297、无症状感染者5298，居住于崇明区，在风险人群筛查中发现新冠病毒核酸检测结果异常，即被隔离管控。经市疾控中心复核结果为阳性。经市级专家会诊，综合流行病学史、临床症状、实验室检测和影像学检查结果等，诊断为无症状感染者。目前，已追踪到以上无症状感染者在上海市的密切接触者2433人，均已落实集中隔离观察。对无症状感染者曾活动过的场所已进行终末消毒。2022年3月30日0—24时，通过口岸联防联控机制，上海报告3例新增境外输入新冠肺炎确诊病例。新增治愈出院9例，其中来自中国香港7例，来自西班牙1例，来自韩国1例。#上海新增确诊355例无症状5298例#（央视）,1
10017,每日人物,#100万癌症患者的上海生存#过去两个月，在上海这座医疗资源被剧烈争夺的超级大都市，癌症患者无疑是最脆弱的那部分人。他们是被死亡追着跑的人，却在就医路上遇到重重困境——我们记录了一些癌症患者的经历。这其中，有迷茫无助、焦虑绝望，也有相互帮助，人性闪光。这是一个特殊群体如何在疫情下与死亡赛跑的故事，也是我们每个人如何在疫情下奋力生活的故事。#癌症患者在上海看病有多难#O癌症患者们的“上海生存”,1
9395,丸惣,你的领导（上级）有口臭吗,1
17736,半个空中飞人,首都那么几个病例就挂星、挂高风险，这是否涉及过度防疫、是否会伤害经济？是否会导致首都职能无法正常行驶？这种防疫策略会不会力度过猛？会不会速度过慢？会不会没有精度？会不会少点温度？会不会影响市民幸福度？？？是不是得屈尊去请五度少女来教教到底什么是防疫？？？,1
37513,央视新闻,【#吉林新增本土确诊1730例##吉林新增本土无症状1244例#】4月1日0-24时，吉林全省新增本地确诊病例1730例(轻型1720例、普通型10例），其中长春市1544例（含19例无症状感染者转为确诊病例）、吉林市178例、四平市6例（含1例无症状感染者转为确诊病例）、白城市2例；新增本地无症状感染者1244例，其中长春市894例、吉林市349例、四平市1例。以上感染者均已转运至定点医疗机构隔离治疗，对以上人员的密切接触者、次密切接触者均已开展追踪排查，并落实管控措施，对其生活和工作场所进行了终末消毒。,1
11895,要射视频,#北京疫情##上海疫情#很多评论区总有那么一小撮深圳广州IP到处得瑟自己优等生洋洋得意是不是优等生心里没点数么北京日增50多宁可僵持一个月也坚决不学深圳还不明白么？为什么不学你那套心里没数么来说说？,1
43079,香港文匯網,【#上海浦东新区全区封控管理4天#，市民连夜排队买物资，网友直呼：第一次见】#上海浦东新区封控4天市民连夜囤物资#受疫情影响，上海浦东全区实施严格封控管理4天，一位网友记录下收到通知后民众的第一反应，深夜的菜场依旧爆满，市民排起长队购买物资。另据浦东发布：今晚浦东新区仍在营业的超市、卖场、农贸市场均营业至24点。有网友担忧：扎堆更危险，这样不是更容易交叉感染了。L星视频的微博视频,1
2542,宝狮龙观天下,#上海疫情传播指数级上升已被打断#哈哈哈哈哈哈哈哈哈哈哈哈哈哈哈哈哈哈哈哈哈哈哈哈哈哈哈哈哈哈哈哈哈哈哈哈哈哈哈哈哈哈哈哈哈哈哈哈哈哈哈哈哈哈哈哈哈哈给哈哈哈哈哈哈哈哈哈哈哈哈哈哈哈哈哈哈哈哈哈哈哈哈哈哈哈哈嗝哈哈哈哈哈哈哈哈哈哈哈哈哈哈哈哈哈哈哈哈哈哈哈哈哈哈哈哈哈哈哈哈哈哈哈,1
18177,卡李,各省援沪物资，好像没看到报道说谁在接收，谁在管理，谁在统筹分配，似乎也并没有一个平台，对接收到多少份物资又分配到哪里去做一个公示。以往的援助，有时会看到“X省包一市”“X市包一县/区”，上海似乎也没有用这样的模式管理援助物资。所以大家只能看到海量援沪物资抵沪后零星碎片的消息：某个居委发放了，某个居委放烂了，某个居委克扣了，某个居委扔掉了，以及，某些居民买到了。谁也不知道援沪物资从抵沪到发到居民手里有多少环节，又有多少物资在这些环节里被发放、被消失、被腐烂。#辽宁援沪物资居然是这样运到的#,1
18606,文旅东北,十分钟之内我被威胁两次。,1
26944,奶霸知道,如果此刻你在上海，听我说。当下的困难肯定是暂时的，上海有物资，但目前没有充足的人手配送，和西安最初一样，配送小哥都被封控了，必须连续阴性且接下来不与可能阳性有任何接触，暂时出不来那么多人，最后一公里打不通，梗阻就在这，所以很多人缺物资。你们一定要冷静，无论为人还是为己，这个节骨眼，不要被任何极端言论影响，更不要做出违法的事。,1
33316,陈如是说,下午有个网友留言问叔？当时正被集火，不打算在外面说，回到群里去说了。现在把它放出来，以事实为依据，以科学为准绳，坚持唯物主义。不骂不吵，心平气和地想一想。现在是不是应该考虑一下，至少可以考虑一下把下一步的措施围绕疫苗展开。叔多嘴话痨，一切以成本、民生为计。,1
39491,伊洛牧,今日披露的上海疫情数据。O3月31日疫情小结-期待后续浦江东岸疫情好转,1
26948,我是佩儿,#西安买菜难##西安身边事##西安疫情#用一首加油歌曲配上我今天拍的视频，送给所有西安的朋友们，我们一起加油对抗这疫情！我的家从2020年开始就已经不能用整洁干净来描述了，因为长年累月的都要把家放仓库在用，家里已经堆的没法看了，可是这些东西实用啊！这个视频只能拍一分钟，屋里还有好多角落没拍，总之我们家有老人有慢性病，我连各种药都储备了半年以上的。卫生纸有一两百筒吧，洗涤用品啥的一年也用不完，都在阳台堆着。家里连太阳能电池、防火毯、防火面罩啥的，雨衣、防护服、面罩都齐全着。希望我们一辈子用不到，但不能不备着！我发这些只想告诉大家，必要的家庭储备是应该有的，不能一出状况就指望外卖、快递、志愿者给你送。全城那么多人呢，老弱病残孕他们优先，累死志愿者们也不可能每家都顾得上。有些不是必需品就别买了，也别让人送到家了，忍忍忍忍就好了！西安买菜难只是暂时的，大家别急别慌，就快好了，克服克服就过去了。加油西安！西安L我是佩儿的微博视频,1
38138,明德先生,千呼万唤始出来：全域静态管理全员核酸筛查全面流调排查全民清洁消杀,1
23948,郎咸平,网上流传我母亲过世的信息是我的哥哥Allen（郎咸白）发的，由于好多平台都在转发，都在猜测我母亲过世的事，我本来不想占用公共资源谈论自己家的私事，但是既然网上流传开了，我也必须说明情况。是的，和我哥哥郎咸白一样，我们都很悲痛，悲剧本来是可以避免的。因为我妈妈年纪很大了，98岁，老年人身体器官都不会太健康，这次我妈妈的肾脏有一点点衰竭，按照过去的诊断，只要打一针就好了。只是因为上海严格规定必须要做核酸后才能就医，我妈妈在三甲医院当场做的核酸竟然4个小时都没出结果，我深感震惊。我妈妈在医院急诊室门口等待了四个小时后，永远离我而去了。我想去见妈妈最后一面，但由于小区封闭，花了相当多的时间和有关部门沟通才允许我去医院，站在马路上，叫不到滴滴，因为封控了，所以我也没有见到我妈妈最后一面。我希望这个悲剧不要再发生，也谢谢大家的关心和问候🙏🙏🙏🙏🙏🙏,1
8910,牛班长大大,不，还差一个，大白。,1
39748,情迷科创板,超大型城市上海封城，要保证不出现人道主义灾难，那是超越人类能力的事情。,1
26383,胜利主义章北海,#上海新增本土确诊1006例无症状23937例#上海疫情期间，感染爱好者们仿佛终于找到了突破的机会。它们纷纷表示：上海感染这么多，死亡病例没几个，充分证明了新冠就是大号流感，所以要赶紧躺平放开。只有这样，才能回到疫情前的生活，只要这样，就能回到疫情前的生活。但它们全然不顾上海是中国医疗条件最好的城市之一，不顾上海有全国的支援，不顾上海也一直在坚持抗疫，在隔离病人，在和病毒抢时间。它们也不顾美国每天依然要死近1000人。你们不是口口声声说美国是这个星球上医疗技术最发达的国家？你们不是说美国掌握着全世界科学技术的制高点？无比强大，不可战胜？既然这么强大的美国每天都要死上千人，你们口中处处不如美国的中国，难道死亡数字会比这个小？难道躺平放开后，中国的医疗资源，医疗条件会一夜之间把美国甩在身后？难道躺平放开之后，中国的人均身体素质一夜之间会远远超过美国，对病毒免疫？如果都不是，那结论只能是：美国不把人命当回事，美国可以每天承受上千人死于奥密克戎，美国能够以巨大的死亡数字为代价和新冠共存。但是不对啊，“美国是个重视人权的国家”不也是你们说的？我们没有这种“低人权优势”，我们的命值钱，所以我们要继续抗疫，继续支持上海的抗疫。只有这样，我们才可以在绝大多数时间内，恢复疫情前的生活，才可能保护更多的生命。为了这个目的，还必须保护你们这帮感染爱好者们不被感染，不管你们是蠢还是坏，都不能丢下你们，你们就偷着乐吧。#上海新增本土确诊1015例无症状22609例#,1
21490,花果山水帘洞周大王,#上海虹口区卫健委信息中心主任钱文雄自尽#居民的基本需求得不到保证，绝望的声音反馈到基层，基层在向上级汇报却无果。真正办事的人手不足与必须封控到底的矛盾无法得到解决疫情导致的额外事件不少，居民在强压自己愤怒与悲伤的同时，大部分媒体报喜不报忧，甚至有东方卫视疫情晚会的闹剧@上海发布想想办法吧,1
22463,上帝之鹰_5zn,直击“广州粮仓”：全供应链流程畅未动战略储备粮,1
41351,晓宇闻铃徐晓宇,#新冠还将影响多久？#我不懂专业，只是说说自己的想法，疫情发生以来，其实是经历了几个不同的阶段。第一阶段，以武汉为中心的新冠疫情突然袭来，初期的病毒毒性极强，全国上下一起努力，实际上很快就闷杀了病毒，之后全世界再也没有见到第一代病毒。第二阶段，海外传来，也就是德尔塔了，由于病毒的变异，毒性虽然有所渐弱，但是传染性更强了。全国各地严防死守动态清零，很快将德尔塔灭绝了。这说明病毒的发源地应该是海外，因为他们进化变异的领先。第三阶段，病毒变异成奥密克戎从海外传来，传染性更强，但是毒性更弱了，从目前各地官宣的数据看，毒性甚至不及感冒，有些人对继续严防死守动态清零有意见，有些完全没有病毒知识的人仍然恐惧的不得了，害怕解禁。其实在这个时期仍然继续坚持严防死守动态清零是对的，因为很多人没有病毒常识，他们一旦恐惧了会大量的挤占医疗资源，造成全面的恐慌。所以眼下最重要的是一方面坚持严防死守动态清零，另一方面抓紧普及医学知识，同时造就一两个示范区。在病毒的毒性已经大幅度的退化之后，适时解禁。（欢迎批评指正，不欢迎起哄抬杠）,1
30021,大道有形,还有一件事儿，我憋了好多天没说，今天干脆也骂出来痛快一下。浦东某街道社区招募组织志愿者，疫情前一直在社区一线忙碌的年近80岁的老党员志愿者实在干不动了，就招募年近70岁的志愿者，带着一群年近60岁的志愿者，领着一群年近50岁的志愿者，去服务社区里40岁，30岁，20岁的年轻人。你们当领导的知道不知道？你们是怎么组织的？都是宝妈宝爸是吗？天天伺候一群巨婴吗？伺候得好吗？年轻人都断手断脚残废了吗？你们动员他们了吗？给他们机会了吗？自本轮疫情以来，浦东有几个街道社区总是出问题、老是上热搜，是偶然的吗？,1
17473,NathanRich火锅大王,火锅大王对上海封控的独家观点#上海疫情##火锅大王对上海封控的独家观点#LNathanRich火锅大王的微博视频,1
6659,沈涛,今天一股脑发了二个疫情中的事，一个是“外溢”的，一个是逃避筛查的。在绝大多数上海市民的记忆里，有二次居家隔离的经历，一次是2020年春节后，突然之间一切嘎然而止；还有一次就是现在，突如其来的封控筛查。有没有发现？虽然2020年的那段时间很漫长，7天变成了14天，后来又变成了21天，但好像疫情都停留在别人的生活里，我们只要喊加油就可以了。可是这一次，各种问题，四面开花，好多都在身边。算了，文绉绉的写下去你也要不耐烦了，我就直说吧：2020年那个时候，该回去探亲的都回去了，发生疫情后很多老乡都回不来；肿瘤医院放假了，租住在周围小区排队等床位的也走了……这里只留下的，绝大多数都是老老实实没有活络心思的本地市民。这样的基本盘，按照张文宏医生的“闷”字大法，防疫变成很轻松。今年的疫情，上海社会面太复杂，就看传播链，就有外地境外输入的普陀老年舞蹈队、由一对外来人员夫妻串连起来的华亭宾馆—松江超市—嘉定市场关联疫情、第六人员医院外来患者由阴转阳、七浦路市场来自二地的外来输入、浦东新区某学校的外来输入……加上疫情加剧后各种复杂群体的骚操作，上海市有关疾控部门以及从上而下的各级城市管理部门，真是不能再用二年前的经验来看待当前的疫情防控了……,1
29960,八爪章鱼游游游,本次抗疫，感觉全国人民都比上海市政府着急,1
21329,小凡好摄,两篇推文的发布时间仅隔20分钟......#黄媒不会说的真相#,1
28949,张有为,已经有4天不出门了，纯宅时间长了对心理有影响，当然不是太好的影响。似乎只有回到互联网上，算是某种纯宅的解脱。近阶段，复习了行为经济学的几本书，为何？#工业品电商#与行为经济学，在我理解中是极度的强相关，几乎每一个客户的信息反馈，无论是文字语言，还是实际语言，其背后的潜台词都跳不出这200种左右的认知偏见、效应、法则和定律。因为传统经济学所定义的经济人已经不存在，人类仅剩的理性也只有5%左右，所以在营销宣传上“怎么说”，在与客户交流时“说什么”，这就是当下营销策划要做的事。也许与主流的营销策划思路不同，从2013年开始至今，差不多10年，大小案子做了百多个，在满足听话照做的前提下，实践效果上佳是已经存在的事实。,1
19546,庄志明律师,上海支持在沪的外地人返乡，估计网上又将是一片骂声。但换位思考，国际航班不是一直没断的嘛，还不是接了一批又一批的“危险分子”？？既然国际航班都可以不断，上海离沪也可理解。。L菉葭苍苍的微博视频,1
21789,新华社,【#梁万年说坚持动态清零是上海抗疫最佳方案#】国家卫健委新冠肺炎疫情应对处置工作领导小组专家组组长、清华大学万科公共卫生和健康学院常务副院长梁万年教授在接受记者采访时说，坚持动态清零是上海市抗疫最佳方案。#动态清零是我国抗疫总方针#L新华社的微博视频,1
11380,句寻章,一直都知道长三角对上海依赖很大，没想到依赖这么大，杭州暴跌37%，苏州跌49.6%，最严重的还是离上海更远的南京，直接减少了54.9%，没想到，没想到。,1
9337,电影人生大事,这些人间烟火，治愈你，温暖我。#人生大事MV烟火气好动人##人生大事主题曲句句戳心#,1
42824,上海发布,【3月28日5点至4月1日5点期间，封控区域内交通这样安排】#最新#@上海交通介绍，根据市新冠肺炎疫情防控工作领导小组研究决定，在全市范围内开展新一轮切块式、网格化核酸筛查。3月28日5时——4月1日5时第一批筛查区域封控期间，本市地铁、公交、轮渡、巡游出租汽车和网约车等将有哪些调整？详见↓O3月28日5点至4月1日5点期间，封控区域内交通这样安排,1
20547,工人日报,【上海居委会回应发烧老人求助：系阳性，已送医就诊】4月13日，一段“上海徐汇区永康街道市民求救电话”的录音引起关注。记者了解到，徐汇区并无永康街道。事发所在的天平街道永康居委会工作人员表示，录音中的老人是阳性感染者，已经送至医院，请大家放心。#上海徐汇区永康街道市民求救电话#L东方网的微博视频,1
18967,嘉善老顾,主张放开的人，有一个认知误区，以为国家只要放开了，工作学习生活就一切如常了。其实怎么可能。平时有点感冒咳嗽都要往医院跑，你以为感染了新冠病毒，都会安心待在家里喝白开水等自愈？大多数人肯定要往医院跑；有点症状的肯定要求住院。像我们这种七八十万常住人口的县，就这么点医疗资源，新冠感染者如果维持在3-5万，即使一半人跑医院，那是一种怎样的状况；医院还能接收其他的病人？当一个县城每天有七八个十来个死于新冠的时候，你以为大家还能若无其事地安心上班做生意送孩子去读书？做梦去吧！#动态清零是我国抗疫总方针#,1
38859,胜利主义章北海,#上海184小时建造沪上最大方舱#吐槽归吐槽，但上海终究是全国的上海，上海能不能战胜疫情直接关系我们国家能不能战胜疫情。在上海疫情正紧张的时候，希望网民在吐槽的同时，能多给上海一些支持。好事不出门，坏事传千里，1000个基层工作者的连续奋战十几个钟头的努力，比不上一个负面新闻的恶劣影响。但我们骂归骂，不要被网上的杂音、负面新闻带了节奏，不要在这个时候参与地域撕裂。希望上海早日走出疫情，希望我们早日摆脱疫情的折磨#全国已有上万名医护人员驰援上海##江西医护人员驰援上海#,1
25224,拆台CT,人民子弟兵空陆集结，自备干粮开启上海防疫保卫战！#上海现有本土感染者超10万例#L拆台CT的微博视频,1
30045,月月熊,上海浦东通报处罚潍坊二村擅自开店卖食物。评论区看得我都想哭。联想起了之前疫情期间西安盒马被罚后网上的评论。这些开着的店，都是救命恩人了🙏,1
692,四川魏静,【丹东独居单身老人饿死家中20多天无人知晓］丹东，一个无儿无女的独居单身老人被饿死在家中20多天，脸都腐烂透了，无人知晓，直到有气味传出后，这才被邻居发现……来听听邻居怎么说……O网页链接#丹东市长称将深刻反思##丹东市长称一些人员工作方法简单粗放##丹东居民可凭48小时核酸证明全市流动##丹东高铁飞机已停运三个月##丹东官方辟谣26日封城#,1
20171,胡锡进,封控怎么可能不难受？封控期间家里的食品储备再多，也比不了随时去超市和农贸市场买新鲜的。有人骂娘太可以理解了，这种时候还不让人出口气？老胡联系的几位上海朋友说，他们面对的保供情况在好转，周围的新感染者似乎也在减少。不知道这是否是全局的趋势反映，但愿吧。上海作为中国高度市场化的最大城市，一下子转入全域或大面积封控，要它像超级变形金刚一样利索，太难了。说实话，上海虽然出了一些漏洞和不通畅，但大格局的转换说推动就真推动了，这也就在中国了。不时有上海居民的具体遭遇在网上曝光，很令人唏嘘。而且可以想见，并非所有那样的遭遇都传到了网上，并有机会受到公众瞩目。会有一些人不得不默默承受。同样可以想见的是，上海市政府和域内的基层政府一定面临着把防控保供尽量做好，能早一天就早一天实现社会面清零的巨大压力。他们一定特别想把工作做到位，出纰漏大多也是能力存在短板，以及不同的善意目标因为事态的大而复杂有时衔接不上。这当中的绝大多数情况不是“态度问题”，此时上海的政府和居民、大白和非大白之间不存在一条分割线，他们都在同一条船上。我注意到，围绕抗疫舆论场上不仅有很多批评，而且一些批评裹上了很浓厚的情绪。有情绪很正常，但一些人把情绪当成正义来展示，就过了。这不利于共克时艰的大氛围。必须相信，我们的国家决非对民间疾苦放任不管的，各地政府对化解百姓有意见的问题通常都不敢懈怠。抗疫中官民对立，官方对次生灾难麻木不仁，都是不真实的假设，是对抗疫全貌的歪曲，我反对这样的粗暴叙事和带节奏。坚持就是胜利，而且团结就是胜利。遇到困难时，团结会变得脆弱，但也恰在这个时候，它更珍贵。#V光深评#,1
34512,我不是吲哚乙酸,求求了啊☕️市要封城早点封啊别跑出来了,1
9337,电影人生大事,这些人间烟火，治愈你，温暖我。#人生大事MV烟火气好动人##人生大事主题曲句句戳心#,1
9663,bijigo,#梨花娃娃#继续来捡漏吧！跳楼价家里放不下了～给娃娃们找新主人～日本囤货都准备寄回去了！中国风梨花娃娃也有多[过招][过招]🉐买3减10元4个减20元依此类推#Reefur##梨花#,1
8568,胡锡进,从互联网上传的信息看，有的疫情重灾区在政府机关和公有机构中号召党员干部“自愿捐款”，支持抗疫。然而大家都知道，体制内搞捐款，通常都做不到完全“自愿”原则。我觉得这当中可能有两种情况，一是该地财政吃紧，继续抗疫需要捐款弥补部分亏空。二是体制内人员因城市停摆或半停摆受到的收入损失比较小，或者几乎没受损失，相关领导大概认为号召他们捐款更有助于社会平衡，弘扬众志成城。我个人的看法是，如果一地财政没钱了，靠捐款维持抗疫肯定是杯水车薪，因而也会难以为继。如果是为了后一个目的，它的初衷未必不可取，但应该注意两点：第一，捐款者应当主要是干部，尽量不要扩及体制内的普通党员和群众；第二，募捐要针对收入基本没有受到影响的群体，体制内机构也有很多雇员的收入与市场行情挂钩，他们应该同样受了不小损失，募捐范围应当将他们排除。号召捐款，共度时艰，这是遇到重大灾难时中国体制内的一个传统，但它用得不多，而且一旦采用，一定要组织好，起到团结和鼓舞的效果。#v光深评#,1
34030,演员赵敏,#上海第二批封控区域内交通安排#哈哈哈哈这位上海仁兄的经历真的笑屎我了，跟段子似的虽然描述很惨很惨，但是我忍不住想笑，承包我今天的欢乐#上海疫情##新星V计划#L演员赵敏的微博视频,1
30865,清新相册,生日素材有了老友记适合生日发的文案,1
4920,老板联播,【#上海为什么不能封城#？吴凡：#上海承载全国乃至全球重要功能#】据上观新闻报道，3月26日上午10:00，上海举行疫情防控工作新闻发布会。市新冠肺炎医疗救治专家组成员、复旦大学上海医学院副院长吴凡说，网上有人建议，下定决心封上3、5天，封上一周不行吗？吴凡说，确实不行，因为上海这个城市承载了不仅仅是上海人民自己的上海，还在全国经济社会发展当中承载重要功能，甚至于对全球经济都有影响。她举例，如果这个城市停下来，东海上就会多出很多漂在海上的国际货轮，就会影响整个国家的经济和全球的经济。全部上海市民应该有这样的大局观，上海城市的精神和特质是认真，仔细！吴凡特别呼吁：在这一轮筛查当中，上海市民能够更好展现出这种城市的特质，认真、仔细进行这次核酸筛查。自检过程当中认认真真采样，仔仔细细采样，把结果做到非常准确。小到每个人，中到每一个基层干部管控过程当中、核酸筛查过程当中一个不落全覆盖，最后大家一起努力，将核酸筛查成为一次成功筛查检测，最快速度实现城市的动态清零，用最小的成本、最快的速度恢复日常的生活。最后我想说，抗击疫情、控制疫情，没你不行。,1
36086,投行泰山,,1
35695,哈曝,上海昨日新增355例本土确诊病例和5298例本土无症状感染者。,1
27967,新浪财经,【#麦德龙一门店因持证人员大增暂停营业#】“麦德龙”官方微博称，#上海麦德龙#普陀商场暂停营业。疫情期间，为更好地向保供人员提供服务，麦德龙严格按照各项防控规定调整营业时间。由于今日持证人员大增，为了保障大家的安全，门店暂停营业。保供人员如有需求，可在APP下单。如有不便，敬请谅解。O麦德龙：今日持证人员大增，上海普陀商场暂停营业#上海通行证#,1
8370,央广网,【#吉林市暂停道路客运及城市公共客运#】按照吉林市新冠肺炎疫情防控工作领导小组要求，6月20日至6月22日期间，吉林市班线客运、旅游（包车）客运、城市公交、巡游出租车、网约出租车、水上旅游客运全部暂停营运。（记者郭东隅）O吉林市暂停道路客运及城市公共客运,1
6744,鼎盛风清,广西疾控：上海疫情已外溢至包括广西在内的全国21个省71个市。,1
26330,西西弗评论,关于封城引发的次生伤害，其实也有数据可以比较准确的分析的。BMJ这篇文章测算了2020年武汉的超额死亡，2020年与2019年相比有5954个超额死亡人数。除了归因于新冠肺炎死亡的人，剩余的人，有两种可能，一种是因为新冠肺炎死亡，但漏报。另一种是封城的次生伤害。BMJ这篇文章的数据总结是：在总超额死亡中，61%（3653/5954）是由新冠肺炎引起的，15%（920/5954）是由不明病毒性肺炎引起，23%（1381/5954）的死亡是由其他疾病引起。基本上，不明病毒性肺炎就是漏报的部分。大概1381名因为其他疾病引起的超额死亡，可以被归因于封城的次生伤害。2019年，武汉全年5.12万人死亡。这部分超额死亡占武汉疫情前每年总死亡人数的2.7%。大致可以估算，出现一次2020年武汉级别的封城，带来的次生伤害，是正常死亡人数的3%。就算把920例不明病毒性肺炎的死亡人数也算成次生伤害，次生伤害的上限，是正常死亡人数的4.4%。2020年，美国总死亡人数338万人，比2019年285万人多死了53万人。其中，因为新冠多死了35.1万人，因为流感和肺炎，多死了0.4万人，其余的超额死亡都是其他原因。全年非新冠非肺炎超额死亡人数17.5万人，占2019年全年总死亡人数的6.1%。所以，美国2020年这样的防疫策略，全年带来的次生伤害，是正常死亡人数的6%。2021年，美国总共死亡人数超过340万，比2020年还高。但因为归因于新冠的比例更大，我估算2021年，次生伤害死亡人数，会低于2020年的6%。武汉的次生伤害低于美国的原因是，武汉的次生伤害集中在封城的73天，封城解除后，就没有了。美国的次生伤害分布在全年。所以，虽然武汉的封城期间次生伤害的峰值强度大于美国全年平均水平，但整体按全年看，武汉封城的次生伤害小于美国。同时，武汉封城使次生伤害集中在武汉这个城市，没有影响全国。全国除湖北外没有出现超额死亡现象。结论：被封闭的城市在封城期间的次生伤害强度，是超过美国全国全年的平均水平。封城期间，被封城市市民的痛苦程度更大。但由于封城模式的次生伤害时间上集中在封城期间，空间上集中在被封城市。如果按全年算，即使对被封城市来说，封城的次生伤害也低于美国模式。按全国算，更是远远低于美国模式。,1
8998,罗小卫,【#北京东城新增封控区和临时管控区#，详情公布】#北京召开第374场疫情防控新闻发布会#依据最新流调排查和核酸检测结果，将东起鼓楼东大街70号，西至五中分校东侧外墙（不含五中分校），鼓楼东大街北侧临街商户及住户、南侧所有商户及住户（含胡同内）划为封控区；将东起交道口南大街，西至南锣鼓巷，北至鼓楼东大街、南至菊儿胡同所覆盖区域（除封控区外），划定为临时管控区。L北京日报都视频的微博视频,1
23228,安迪斯晨风,我发现，看到上海的惨状后，站共存派的人变成了更坚决的共存派，站清零派的人也变成了更坚决的清零派。,1
1089,东方网,【“封城”谣言后实探沪上菜场超市：菜品满、价格稳，平价菜正常供应】#上海战疫#3月22日晚，有人谣传上海要全市封闭7天，有市民担心届时买不到牛奶、鸡蛋、蔬菜等主副食品，甚至有人连夜去超市、菜场购买。今天一早，东方网记者实地走访菜场、超市看到，各类新鲜蔬菜、牛奶鸡蛋等主副食品，摆放地满满当当。#上海加油#（东方网·纵相视频曹磊、刘昊）L东方网的微博视频,1
27730,沪语说唱Mrweezy,#上海加油#为无辜的上海人说句话作为上海的音乐人要为上海人发声，上海疫情以来，上海市民不断受到各方攻击，乖乖在家锅从天而降。上海人煎熬度日还要被冤枉辱骂讽刺所以我有话说👇🏻请听PS：一直都是用沪语说唱的我这次用了普通话，以便大家都能听明白内容，听听上海人的声音#上海疫情#L沪语说唱Mrweezy的微博视频,1
25956,琉玄,“解封之后我就回哈尔滨了，反正也是要被封，还是封在家里好。”“我也。下个月的房租我是肯定掏不出来了，准备回武汉了，虽然之前我被封了60多天，但毕竟是自己家，不花房租。““你武汉哪里的啊，我被封了76天，我妈都笑我，好不容易解封，跑到上海来继续被封。”“我更惨，来上海找工作的，才上两天班我就被封起来了。”……今天群里的主要对话方向，都是要走了。等解封后，不知道房租会不会下来一波，我准备换到市中心去。但是我已经续约三个月了……就被封起来的时候刚巧到期，不续约我住哪里哇，就续了。我妈刚才打电话问我未来打算，我说我不知道。她笑我之前那么坚定说要在上海买房，我说这没啥嘛，人生就是计划赶不上变化。我先存着钱，以后看看，没有买房也有好处，就是哪里不行，我还能换，买了的话，住在里面真就这辈子栽这儿了，住得不舒服也走不了，大几百万上千万的，一辈子全押这儿了。,1
39316,Creamy蕉,上海市民匿名投稿,1
30519,黄西炮,各有各的立场，各有各的难处！L黄西炮的微博视频,1
13392,新闻晨报,【上海有“大白”强行破门而入？原来是警察抓捕犯罪嫌疑人】近期，圈群流传一段“上海大白破门而入”的视频。视频中，有数名“大白”身处一老式居民楼楼道，前方的“大白”正在破门，后方的“大白”正在拍摄视频。有网友认为，这是“大白”强行进入居民家中；但也有网友奇怪：为何“大白”要自行拍摄破门而入的视频？经上海辟谣平台核查，该视频摄于嘉定区，实为警察抓捕犯罪嫌疑人。拍摄视频的“大白”实为警方记录办案过程。据嘉定区真新街道介绍，5月9日22时许，真新派出所配合普陀警方在辖区一小区查找一涉案犯罪嫌疑人刘某某。刘某某原居住于普陀区，到达该小区内其女友住处后，面对警方问询，反锁房门，拒绝开门。根据相关法律法规，真新派出所民警通知消防人员破门。在消防人员破门后，真新派出所民警与普陀办案民警入屋，依法将嫌疑人控制，并当场移交普陀分局民警处理。核查中，上海辟谣平台还发现，部分聊天记录将这段视频与另一张民居房门受损的照片结合在一起，冠以“大白破门而入”主题。但视频内的房门与照片内的房门并不相同。而且民居房门受损一事也已查清，实为居民因忘带钥匙又家中正在烧水，所以请消防人员破门。上海辟谣平台已澄清该事件，详见→O网页链接（上海网络辟谣）,1
20859,说好的5872,希望上海能加速推进，更多生鲜超市和电商物流尽快恢复营业。生活物资还是要交给专业的企业和人员才能保障好。居委会街道甚至区上，平时根本不是干这个的，哪里有专业的生鲜机构和人员更有效率？比如菜鸟和京东物流。重心不能依赖政府，必须依赖专业机构提高效率。出不了门又上不了电商平台购物，又特别困难的…这些才应该是政府去负责配送。如果搞反了，势必效率低下，而且大型生鲜超市和外卖骑手一旦充分恢复，居民也不用太担心高价团了。现在关键是思路的重点急需转换过来。#菜鸟为上海调拨配送物资超1.5万吨##菜鸟助老专车已为2万上海老人送去物资##上海疫情下儿童急需药是怎么送的#L说好的5872的微博视频,1
9719,西部决策,【#上海6人加价卖菜非法获利50万被抓#，警方：涉嫌非法经营罪】近日，上海，群众举报有人囤积蔬菜，大幅加价对外销售。@嘉定公安民警根据线索，将陆某抓获。经查，4月份以来，陆某从外省购入大量蔬菜囤积，之后大幅加价批发给伍某等人，并由伍某等人加价销售牟取暴利，涉案金额达90万余元，陆某等人非法获利50万余元。@西部决策L西部决策的微博视频#上海新增本土确诊39例无症状131例#,1
21905,我苏特稿,【截至4月13日24时江苏新型冠状病毒肺炎疫情最新情况】#江苏新增本土确诊3例无症状50例#4月13日0-24时，江苏新增本土确诊病例3例（南京市2例，苏州市1例，均在定点医院隔离治疗），新增本土无症状感染者50例（南京市1例，苏州市39例，南通市4例，扬州市3例，镇江市2例，宿迁市1例，均在定点医院接受隔离医学观察）。新增境外输入确诊病例1例（韩国输入，在南京市定点医院隔离治疗）。新增出院病例4例（均为本土），解除隔离医学观察的无症状感染者41例（本土39例，境外输入2例）。新增确诊病例、无症状感染者详情由相关设区市发布。目前，在定点医院隔离治疗的确诊病例89例（本土87例，境外输入2例），接受隔离医学观察的无症状感染者746例（本土737例，境外输入9例）。2020年1月22日至今，全省累计报告新冠肺炎确诊病例2113例（其中境外输入222例）。,1
21905,我苏特稿,【截至4月13日24时江苏新型冠状病毒肺炎疫情最新情况】#江苏新增本土确诊3例无症状50例#4月13日0-24时，江苏新增本土确诊病例3例（南京市2例，苏州市1例，均在定点医院隔离治疗），新增本土无症状感染者50例（南京市1例，苏州市39例，南通市4例，扬州市3例，镇江市2例，宿迁市1例，均在定点医院接受隔离医学观察）。新增境外输入确诊病例1例（韩国输入，在南京市定点医院隔离治疗）。新增出院病例4例（均为本土），解除隔离医学观察的无症状感染者41例（本土39例，境外输入2例）。新增确诊病例、无症状感染者详情由相关设区市发布。目前，在定点医院隔离治疗的确诊病例89例（本土87例，境外输入2例），接受隔离医学观察的无症状感染者746例（本土737例，境外输入9例）。2020年1月22日至今，全省累计报告新冠肺炎确诊病例2113例（其中境外输入222例）。,1
19676,北京头条,【上海：不得以等待核酸结果为由拒绝、推诿患者延误治疗】上海市15日召开疫情防控新闻发布会，针对有市民去急诊时遇到核酸检测时间较久的情况，相关部门负责人表示，已要求各级的公立医疗机构，尤其是在急诊、发热门诊这些重点科室，必须要全力保障开放，严格落实首诊负责制，还有急危重症的抢救制度，要保障医疗的服务。因为考虑到当前疫情防控形势的严峻，同时为了保障广大患者的就医安全，避免交叉感染发生，也尽可能减少对医院的运行的影响。患者在就诊的时候，医疗机构会要求患者提供核酸检测报告，少数人可能没有核酸报告，有的人核酸检测的时效过期了。在这种情况下，医疗机构会开展核酸检测服务，了解他的情况，同时进行相关的医疗处置。如果是需要紧急手术的，用专用的隔离手术室进行手术救治，有明确的规范和要求。“我们是要求不得以等待核酸检查结果为由拒绝、推诿患者延误治疗。为了加快核酸的检测，要求医疗机构在疫情的期间，实验室24小时运行，增加人手，增加排班，尽量减少患者等待时间。”文/北京青年报记者屈畅,1
33155,齐都督,上海又如武汉，今年还似当年,1
19423,科学未来人,#上海新增本土确诊1931例无症状15698例#防控Omicron疫情真的有那么难吗？请看深圳、请看广州、请看河南省焦作市修武县，河南疾控的论文已发：¹2022年3月17日，焦作市修武县在对学校重点人群核酸检测中，意外发现某村小学五年级有一对姐弟俩阳性。第一时间对密接、次密接、风险人群集中核酸检测，包括所有师生的所有家庭成员、所有村民。²发现姐弟俩的3名家庭成员核酸阳性，其中2个是从上海返豫人员，还有一个是修武县纺织厂工人。3月18号，村里小学停课，按密接集中隔离，家庭成员按次密接管理。同一天，纺织厂停工，员工集中隔离，不在厂的员工暂时居家隔离，后续转集中隔离。修武县全员核酸检测，划定封控区、管控区和防范区，防止外溢。³看数据：仅仅10天以后，报告末例阳性，许多人嘴巴里不可战胜的Omicron疫情浪荡11天后被扑灭。共报告感染者45例，涉及2个县4个乡镇15个村/小区。细分：无症状感染者31例，确诊病例14例，无重症和死亡病例。从传染源引入到发现历时5天，共传播5代。划重点：病例于3月12日从上海乘高铁返回修武县，在上海期间于3月8日、10日、11日3次核酸检测均为阴性，返回修武县后3月17日作为指示病例的家庭密接进行核酸检测，结果为阳性。⁴结论：奥密克戎疫情在修武县面前，可以10天内扑灭。河南人（特别是焦作市修武县人）、深圳人、广州人给了我们信心。#科学人医疗社会史##v光计划#,1
40712,林凡一寻,大家好，我是吉林农业科技学院的一名学生，也就是深处暴风眼，占了吉林疫情半壁江山的农科院。1-学校现在一直压着我们的微博热搜，给发微博的同学打电话，压热搜2-被隔离的同学刚刚被转走，但是在这之前全都大通铺，把所有需要隔离的同学放在图书馆和教学楼，交叉感染，没有病的同学也变成了密集，学生哭着给老师打电话，老师也不知道怎么办，全都在学校堆着，学生都崩溃大哭，吉林马上变成下一个武汉初的疫情了。附图一视频3-现在我们学生孤立无援，正常的同学们在寝室没有水喝，消毒设施严重不足，学校说没了就是没了，补不补再说，态度很强硬4-志愿者大都是学生，穿防护服为我们风里雨里冒险，很多也被感染去隔离了，一个公寓由几十个志愿者，变成几个志愿者，根本没人再敢当了，学生们心寒了，每个人都在崩溃大哭5-九公寓的人，被隔离了好几百人，密接和次密接，后来直接把阴性的转移走，阳性的等死6-我们公寓的人有很多发烧的，老师一直给退烧药，跟我们说吃了捂着被子睡一觉，还是还没退烧，老师给你换一种药，就是在宿舍挺死，附图二7-有个同学现在已经没意识了，躺在寝室，等待处置，一波又一波8-生活必须品严重不足，女生卫生巾都没了，学生边流血边疼，哭着给家里打电话，学校严重不作为9-被隔离的同学寝室门被胶布封着，不让上厕所，宿舍里也没厕所，同学都要急哭了，附图三10-有阳性的，室友不隔离，就让等，变成全学校是阳性的，学校就高兴了吗？11-给吉林防控各种打电话，不是拒接就是推卸责任，没有人管我们，现在我们就是俎上鱼肉，任人宰割我敬爱的党组织，校团委，这样的做法不让我们人民群众，同学们寒心吗？我们把生命交给党，结果呢？求求了，好心人们，别再被压热搜了，我们农科院的同学要挺不住了，但我们现在还心存希望，希望舆论平台可以帮助我们，每个人都是一份力量，求求了，帮帮同学们吧！#吉林农业科技学院##吉林疫情#@人民日报@央视新闻@央视网@新华网@头条新闻@中国新闻周刊@新浪新闻L林凡一寻的微博视频,1
39759,深圳小天,英媒：特斯拉拟明天恢復上海浦东生产綫路透社报道，电动汽车生产商特斯拉计划明天恢復在上海浦东的生产綫。报道引述消息指，特斯拉期望接受强检后的首批员工明天復工，但仍要视乎上海防疫政策。特斯拉在上海浦东的生产綫，由上月28日起停顿，原本期望停工四天，但周五同周六封禁措施仍在实施，令特斯拉在上海浦东的生产綫经歷投产以来最长停顿。较早前，特斯拉发布今年首季度交付报告，全球交付量超过31万辆，产量超过30万。#上海4月4日全市核酸检测##天下之事#深圳小天L深圳小天的微博视频,1
9339,经济新视界,求上海人心理阴影面积,1
2455,豫章兄,看完这个段子，我若有所思，#上海为什么不能封城#，因为这是我们全世界独一份的魔都，希望上海能尽快好起来！加油！L豫章兄的微博视频,1
24125,ID_韩潮,这…有人了解么…,1
4323,金陵上空的鹰,#上海疫情#就不能学学人家社会主义先行示范区吗,1
16946,啊熊姨,看到这张图真的气爆炸了O我在方舱，看见老人们的孤岛求生｜hayami'sblog感谢原作者@早见Hayami,1
32944,浮一大白202105,#8省市已用上辉瑞新冠口服药#预言家，刀了L浮一大白202105的微博视频,1
15517,Degg_GlobalMacroFin,有一种预感，疫情的后遗症才刚刚开始。,1
26330,西西弗评论,关于封城引发的次生伤害，其实也有数据可以比较准确的分析的。BMJ这篇文章测算了2020年武汉的超额死亡，2020年与2019年相比有5954个超额死亡人数。除了归因于新冠肺炎死亡的人，剩余的人，有两种可能，一种是因为新冠肺炎死亡，但漏报。另一种是封城的次生伤害。BMJ这篇文章的数据总结是：在总超额死亡中，61%（3653/5954）是由新冠肺炎引起的，15%（920/5954）是由不明病毒性肺炎引起，23%（1381/5954）的死亡是由其他疾病引起。基本上，不明病毒性肺炎就是漏报的部分。大概1381名因为其他疾病引起的超额死亡，可以被归因于封城的次生伤害。2019年，武汉全年5.12万人死亡。这部分超额死亡占武汉疫情前每年总死亡人数的2.7%。大致可以估算，出现一次2020年武汉级别的封城，带来的次生伤害，是正常死亡人数的3%。就算把920例不明病毒性肺炎的死亡人数也算成次生伤害，次生伤害的上限，是正常死亡人数的4.4%。2020年，美国总死亡人数338万人，比2019年285万人多死了53万人。其中，因为新冠多死了35.1万人，因为流感和肺炎，多死了0.4万人，其余的超额死亡都是其他原因。全年非新冠非肺炎超额死亡人数17.5万人，占2019年全年总死亡人数的6.1%。所以，美国2020年这样的防疫策略，全年带来的次生伤害，是正常死亡人数的6%。2021年，美国总共死亡人数超过340万，比2020年还高。但因为归因于新冠的比例更大，我估算2021年，次生伤害死亡人数，会低于2020年的6%。武汉的次生伤害低于美国的原因是，武汉的次生伤害集中在封城的73天，封城解除后，就没有了。美国的次生伤害分布在全年。所以，虽然武汉的封城期间次生伤害的峰值强度大于美国全年平均水平，但整体按全年看，武汉封城的次生伤害小于美国。同时，武汉封城使次生伤害集中在武汉这个城市，没有影响全国。全国除湖北外没有出现超额死亡现象。结论：被封闭的城市在封城期间的次生伤害强度，是超过美国全国全年的平均水平。封城期间，被封城市市民的痛苦程度更大。但由于封城模式的次生伤害时间上集中在封城期间，空间上集中在被封城市。如果按全年算，即使对被封城市来说，封城的次生伤害也低于美国模式。按全国算，更是远远低于美国模式。,1
10548,每日经济新闻,【美研究发现#新冠病毒空气传播率或是接触面的千倍#吴尊友：物传人不是新冠主要传播途径】据科技日报5月10日报道，美国科学家在封闭的校园内的不同地点使用气泵和拭子采集样本，将阳性样本与校园内实际的新冠病例进行比较，结果发现，感染空气传播的新冠病毒颗粒的概率约为1/100；而接触受污染表面感染新冠病毒的几率为1/100000，前者为后者的1000倍。据@中新视频，此前，国务院联防联控机制召开新闻发布会。中国疾控中心流行病学首席专家吴尊友表示，过去两年多的新冠防控中发现，新冠病毒可能通过“物传人”的方式进行传播，但不是疫情的主要传播方式。通过洗手可以简单有效地切断这一途径。保持手的清洁卫生可以有效降低新冠病毒感染的风险。（综合科技日报、中新视频，希隆）L中新视频的微博视频,1
2290,地瓜熊老六,#上海新增492例无症状#上海全员核酸检测了吗？我们今天已经第二次全员核酸检测了，每次疫情，我们大约需要六七次全员核酸检测。,1
14484,余亮-余不是大钊,昨天，不少人质疑我发的张文宏医生的发言截图是不是P的，他有没有说过新冠和流感没有区别？还有人说你是断章取义。那我把视频发出来，2021年的视频，微博上居然没有。昨天有人说张医生说的没错。没错那就更不怕放出来了。也有人说错了又怎么样，人无完人。太对了，错了又怎么样，不影响你心目中他的形象，不影响成年人的独立判断。如果还要说断章取义的，你是成年人，自己去找完整的视频吧。不过你吹捧张医生的时候，怎么没见你说自己是在断章取义？他们在拥戴张医生时候最喜欢说的一句话就是“让人说话，天塌不下来”，转身又一个劲质问我有什么资格说话。之前的微博已经被夹了，我发这条，相信天也塌不下来。这两天发现很多吹捧张医生的人，一边说造谣可耻，一边在造张医生的谣，比如说他第一时间冲到武汉前线。要不要我来帮张医生辟谣哦？L单车上的骑士的微博视频,1
21207,蓝鲸财经记者工作平台,【上海警方破获一起哄抬物价非法经营案】4月17日，@警民直通车-上海通报：近日，青浦公安分局根据市场监督管理部门移交的相关线索，破获一起哄抬物价非法经营案。经查，4月以来，犯罪嫌疑人尤某某（男，39岁，超市工作人员）利用职务便利大量购买肉、面包等商品，再将每份商品加价后向封控小区居民销售。目前，犯罪嫌疑人尤某某因涉嫌非法经营罪已被警方依法采取刑事强制措施，案件正在进一步侦办中。警方正告：上海警方对利用疫情趁机哄抬物价牟利的违法犯罪行为始终保持“零容忍”，将会同有关部门严厉打击、严肃查处，切实维护市场经济秩序安全稳定，保障市民群众合法权益。,1
23790,王江雨Law,好几个地方封城，只有上海最凌乱最残酷，而且新冠重症似乎没有，封锁不让就医致死的例子倒是一个接一个啊。,1
45091,SWD释然,疫情到现在已经2年多了，欧美已经基本上实现了全民免疫，只有中国还在岸上苦苦挣扎。为了与时俱进，全面赶上欧美，大上海一直在孜孜不倦的努力探索，总结经验。在这一点上，上海市市委市政府走在了时代的前列，给全国其他省市做出了榜样。,1
33778,第五地坪线,在上海一名女孩因房租没交，被房东赶出来，已经流浪两天，被小区外围物业巡逻人员看到后给予食品、水等帮助，目前等待政府安排救助军事#关注俄乌局势最新进展##新闻看点#L战地第一线的微博视频,1
28971,美1收割机,上面颁布政策粗放一刀切，下面基层又层层加码。大家都只对指标负责，只对一些政治任务负责。完全没有想所有的指标和所有的任务，最终的目的是对人民的生命财产安全负责。指标是死的，人是活的。我说真的，上海基层管理真的水平很差。有些事情，完全都是可以通融和转圜的事情，非要拿着鸡毛当令箭在这里展现管理者的拳头，为难一下你。的确，现在说快递也存在感染的风险。但我们小区目前的解决方案是：快递送进来后六个面全面消毒后放置12小时再配送。我觉得这就是用“服务”的思维在理解抗疫工作。而不是“这个不行”“那个不让”“你跟我讲也没用”。你是连接基层民众和居委防疫的环节，跟你说没用，你不会反映？不会思考？不会沟通？不会想解决方案？那你只会看门，只会说找我没用，那要你长脑子有什么用？栓条恶犬也能看门不让人出去。,1
4993,脊梁in上海SH,从明天开始，也就是28日的凌晨5点开始上海市以黄浦江为界分区分批实施核酸筛查第一批，浦东、浦南及毗邻区域（包括浦东新区全区，奉贤区全区金山区全区，崇明区全区闵行区浦锦街道、浦江镇松江区新浜镇、石湖荡镇泖港镇、叶榭镇）先行实施封控开展核酸筛查，1日凌晨5点解封同时，浦西地区重点区域继续实施封控管理第二批，1日3点开始按照压茬推进的原则对浦西地区实施封控开展核酸筛查，5日3点解封,1
33471,斯图卡98,#上海官方诚恳接受大家批评#如诚恳接受批评，问3个问题1、为何这次疫情，每天确诊与无症状差距这么大？一直没有让人信服的解释，2多年疫情，这是首次出现这种现象2、为何人员流动还在继续？外溢如此严重，不暂时切断与外省的人员出入3、连续多天都是几千人，目前是全国严重的地区，为何没有高风险区,1
616,作家杜华辉,#上海新增本土确诊8例#别的城市有疫情，封闭之后基本一个月就搞定解封。上海这样不封，感觉将会是一场持久战。说封城会影响经济影响居民生活，但持久战下来，到底哪个更影响经济更影响居民生活还真不一定呢。（俄罗斯乌克兰）,1
19392,北京晚报,【#北京朝阳上班族请先核酸后上班#】4月24日，在北京市新型冠状病毒肺炎疫情防控工作第313场新闻发布会上，朝阳区副区长杨蓓蓓表示，本轮疫情持续高发、隐匿传播，为有效阻断疫情传播，确保全区居民生命安全和身体健康，经研判，朝阳区扩大核酸检测范围，将从4月25日起对生活、工作在朝阳的人员进行核酸检测，25日、27日、29日每天检测1次。请居民朋友们根据所在社区通知，请驻区单位工作人员根据所在街乡或单位通知，及时有序参加核酸检测。请参加检测人员携带好身份证，根据通知分时分批前往采样点。并服从现场指挥，佩戴好口罩，保持一米距离。同时建议大家减少社会面活动。#北京朝阳建议市民减少社会面活动##北京朝阳上班族需先核酸后上班#（北京日报客户端记者孙乐琪刘苏雅）,1
24699,胡聊世界,上海人最近的生活是怎样的？#上海人最近的生活是啥样#O上海人最近的生活是怎样的？,1
27055,佛心蛊,上海和当初武汉一样不行吗？就这么难？九亭那看了一眼，人活不下去就不可能遵守纪律了。,1
16540,北京日报,【#北京本轮疫情确诊病例总数已超过2020年新发地疫情病例总数#】5月4日，在北京市新型冠状病毒肺炎疫情防控工作新闻发布会上，市委宣传部副部长、市政府新闻办主任、市政府新闻发言人徐和建介绍，首都这轮疫情确诊病例总数已超过2020年新发地批发市场聚集性疫情病例总数，新增病例连续多日在50例上下波动。昨日新增病例有所下降，但社会面筛查仍有零星病例，首都疫情防控形势依然非常严峻。#北京暂时延续五一假期社会面有关防控措施##北京增33例本土感染者#（@北京日报记者刘苏雅实习记者何蕊）L北京日报都视频的微博视频,1
30844,李晓鹏1982,张的论文从综述到正文全盘抄袭。综述直接复制三千字，正文实验过程和结果与国外研究一致而且不注明出处。这要都不算抄袭那就没有抄袭的博士论文了。复旦的结论是复旦之耻，也是整个中国学术界的耻辱！这个结论一日不推翻，中国学术界一日没法从耻辱柱上下来。,1
27311,七环视频,【辟谣丨上海将被武警接管，开始军事化管理？不实！】4月7日晚，有传言称上海将要开始军事化管理，有武警部队接到通知，“所有小区安排2人站岗，杜绝一切进出”。对此，上海辟谣平台向权威部门询问获悉，此传言为不实消息。#上海辟谣武警将接管上海社区#O辟谣丨上海将被武警接管，开始军事化管理？不实！L七环视频的微博视频,1
570,航空物语,今天份惊雷故事会：上海缩小包围圈再开展一次核酸筛查，希望大家不信谣、不传谣,1
22768,警民直通车-上海,#警情通报#,1
12221,Sophieaaaaaaaaa,已经过去92天了啊~twi11272yuzu22320,1
2066,中新经纬,【#上海市商务委辟谣某区所有菜场临时关闭#：16个区均不存在此情况】#上海辟谣某区菜市场全部关闭#近日，朋友圈流传一则通知，称上海某区“全区范围内所有菜市场临时关闭，请大家相互转告居民不要前往菜市场。”短信内容并未列出究竟哪个区的菜场关闭。对此，上海辟谣平台向市商务委求证获知，上海16个区中，没有一个区存在所有菜场均临时关闭的情况。（上海网络辟谣公众号）#上海储备菜量已达2.7万吨#,1
12537,才疏学浅柏拉图,不要忘记，在某个城市几十万阳性还没有高风险之前，咱们是可以到处去中低风险区域玩儿的。,1
43546,以德服人怪猫,疫情严重不严重，一是看疫病（而不包括防疫）对生命健康的侵害是否严重，二是看各种影响对社会正常运转的侵害是否严重。从这两点看起来，上海最近的疫情本身有两个特点，：一，疫情造成重症、死亡极少，可以忽略。二，非极端的社会封控，对社会影响未到让社会丧失机能的程度。从新闻上看，上海变成了前年的武汉，但在上海的人，多数并没有这样的感觉。我在上海,1
10720,明德先生,#于鲁明被免去北京市卫健委主任职务#北京处理了三名厅级干部，外省处理了几个村干部北京将流调查的一清二楚，外省72天前就宣布调查华亭宾馆，到现在仍然杳无音讯那些逼着我批评北京的人：振振有词地说，你们要把外省的官员处理了，剩余的官员就会层层加码，祸害我们的我只有4个字送给他们：贱不贱呐？,1
28112,琴师D018,#同心抗疫#很好，这就对了文明抗疫，一定能够找到两全的办法！都不容易……,1
42017,大呆秦,清零还是躺平别讨论了，作为中间派被两边骂很无聊。作为投资者，我只知道看政府怎么做，目前阶段你们吵翻天也没用。作为上海市民，保护自己，烧香拜佛即可。最后说一句，目标是肯定要共存，但啥时候上面说了算，被牺牲的利益会有调节。人都有一死，Butnottoday。,1
30009,风息神泪,这条有很多上海人在莫名其妙的跳脚，说我为黑而黑。望诸位知：群发短信是有必要的，甚至是很多老年人获取信息的唯一途径。你自己的信息来源充足不代表别人有。正常情况下，在疫情爆发期，三大运营商每天应该短信轰炸才对，内容应该包括但不限于：1、官方最新发布的防疫相关政策。比如你目前所在区域会封到什么时候。2、如何自我监测、避免感染。3、一旦发生各种紧急情况如就医、生产、慢性病维持治疗……时应该怎么办，该找谁，什么途径。4、如何购买物资、或物资发放通知。5、根据情况更新即时调整的各类通知。最后说核酸通知，正常情况下，是先短信通知时间、地点（不是全民群发的信息，而是大到社区、细到楼栋的有效信息）。一轮之后，根据表格统计，再去敲门通知没来的人，会节省很多精力和时间。也可以避免因楼层过高听不到，睡过头的人。以及各人的核酸报告也是要通知的。（有用健康码也有用短信通知的）说白了批评运营商你们在共情什么啊？说系统工作不到位你们在跳脚什么啊？全国都有的东西，偏就上海没有，有没有想过这就是问题所在而不是“黑”啊？？,1
11222,洛之秋,李立群：“我也没什么好说的了。我就在静静地看这件大事。”L洛之秋的微博视频,1
1040,三思柯南,我有点明白这几天上海发生了什么。首先是24号凌晨，张文宏发文转弯抹角承认了上海做不到24小时全员核酸：”新指南发布当天，上海市就把“严格核酸筛查，加快提升大规模核酸检测能力…这就开始具备跑赢奥密克戎的能力了。“然而25号上午的发布会，张文宏又强调一遍”在这里我只是作为一名临床救治专家，市卫健委领导也在这里，他们没日没夜地在做有关核酸检测能力的提升……我自己本人每天也只能救几个病人而已“他这个意思很明白了，虽然此前媒体几乎把他塑造成了上海抗疫负责人，他现在要澄清啊，核酸这事不归他管，如果你对核酸检测能力有疑问，还是去和这事有关的人吧。然后今天发布会，此前提出“多一个不要，少一个不行”、上海媒体用”上海如何力避全员核酸“做稿子报道她的吴凡出来了，她不接张文宏的球，说“之所以采用这样一种重点区域+非重点区域，核酸检测+抗原自检的方式，这是上海目前的一种探索”。检测能力达不到，变成了上海进行探索。她不可能不知道，如果你有全员核酸能力，抗原检测由于假阴性也就是漏捡率高，只能作为补充，现在所谓非重点地区只测抗原，肯定是采样、检测能力跟不上了。所以她就把话题转移到了上海为什么不能封城上来，甚至让人衍生解读出了所谓上面不允许封城。这也挺厉害的……现在看来，这次上海不止一个漏洞。第一个漏洞是华亭宾馆，第二个漏洞是竟然至今不具备全员核酸检测能力。,1
908,花梨澤_karin_sawa,看到有人调侃说，上海人自己希望封城，挺好笑的。为什么我们反而希望封城，是因为政策很无语，你们看到能出去买菜的都是没封的，因为你不知道醒来是不是就封了。我在上海重灾区，是根本没机会出门买菜的。并且都不告诉你还要封几天，判刑都不知道判多久。瞒着不说，等通知。2的n次方都听腻了。虽然Zf确实没有明面说一定要清0，但是所有的行为就是往这个极端方向奔，为了清0全区封锁，对我们普通人来说，和封城有什么区别？不会真的有人以为我们赶着盼着封城吧？不在重灾区不要说风凉话了，现在掐点抢菜，挤破头，app准点瘫痪。为什么？因为全区都在抢呗。打开外卖软件3公里外卖店都关了几乎，tb很多都说上海不发货。所以只能每天抢菜。都不知道自己还要关几天，换你你不备货吗。不是上海人瞎恐慌，是这次防疫真的拉垮。,1
41073,杭州电视台综合频道,【#杭州富阳支援上海每天5万公斤笋#首批已送达】今天上午，5辆满载早笋的货车从浙江杭州富阳长盘竹笋专业合作社出发开往上海市，支援上海抗击疫情。#浙江支援上海#目前首批早笋已经顺利送达上海。永昌镇党委副书记、镇长张启杭介绍，3月27日晚接到相关指令后，富阳当地100多名镇、村干部和党员及妇联等群团志愿者连夜行动，组织收集早笋，经过6个小时的打包装运，5万公斤早笋于今天上午集结完毕，并顺利发车。接下来，永昌镇还将确保每天提供5万公斤早笋支援上海抗疫，持续10天以上。（via富阳日报）,1
28460,中国日报,【#四叶草将成上海最大方舱医院#有望提供4万张床位】上海正将国家会展中心（上海）改建成又一座方舱医院，建成后有望提供4万张床位，将成为上海目前规模最大的方舱医院。@新华网L新华网的微博视频,1
25936,京吃,来说说吧，你凭什么说“北京吸血”，以及你认为的“北京吸血吸的是什么”。,1
38037,上帝之鹰_5zn,来看看躺平的结果：德国已经有接近1/4的人口感染新冠，目前仍每天新增300例死亡病例。若按照中国的人口规模计算，就是约3.6亿人感染新冠，每天有5000人病亡。而且必须提醒的是，德国的人均医疗资源远高于中国，他们目前疫苗加强针接种率也高于中国。,1
35946,DEBRAaaaaa,抗疫求助救救我父亲，糖尿病人没有胰岛素了。上海浦新区金杨街道！,1
13343,老出差的程序员,封控最重要的支撑是物流保障，魔都在这里栽了跟头，至今行政体系和事业单位的人大多都没出去防疫还在居家办公，把最重要的生命线交给了市场，本该为人民服务的人成了人民服务的对象，遵守防疫规定封控在家的居民成了投机倒把者的摇钱树，希望帝都不要重复这个错误。,1
14150,蓝鲸铲史官,网友发帖：上海宝山区泗塘二村，居委会物资烂掉也不给百姓吃L蓝鲸铲史官的微博视频,1
13966,霜叶,这位很可能没买过菜的巨婴，把我拉黑了……（他把评论关了，转发里都是上海网友请他去体验的）补图10，和他同一小区网友的私信。,1
3858,凯雷,不封城讲得都对，与东海货轮有什么关系？现在问题是更有条理的管理更有效核测的落实、更周密的物资配送、该向上向外要求支援要求支援，对內市民合理诉求该改进的改进，端看今天明天周末这两天全城核酸自测进展与结果！#浦东疫情#网上有人建议，下定决心封上3、5天，封上一周不行吗？吴凡说，确实不行，因为上海这个城市承载了不仅仅是上海人民自己的上海，还在全国经济社会发展当中承载重要功能，甚至于对全球经济都有影响。她举例，如果这个城市停下来，东海上就会多出很多漂在海上的国际货轮，就会影响整个国家的经济和全球的经济。全部上海市民应该有这样的大局观，上海城市的精神和特质是认真，仔细！【#上海为什么不能封城#？吴凡：#上海承载全国乃至全球重要功能#】3月26日上午10:00，上海举行疫情防控工作新闻发布会，市卫生健康委主任邬惊雷，市商务委主任顾军，市市场监管局副局长彭文皓，市新冠肺炎医疗救治专家组成员、复旦大学上海医学院副院长吴凡，介绍本市疫情防控最新情况。上海采用重点区域+非重点区域，核酸检测+抗原自检的方式，这是上海目前的一种探索。这种探索可以说也是被逼出来的。吴凡解释：这样的探索第一个特点就是病毒传得快。第二个特点就是城市的特点，也是上海结合自身实际情况做出的决断，网上有人建议，下定决心封上3、5天，封上一周不行吗？吴凡说，确实不行，因为上海这个城市承载了不仅仅是上海人民自己的上海，还在全国经济社会发展当中承载重要功能，甚至于对全球经济都有影响。她举例，如果这个城市停下来，东海上就会多出很多漂在海上的国际货轮，就会影响整个国家的经济和全球的经济。全部上海市民应该有这样的大局观，上海城市的精神和特质是认真，仔细！吴凡特别呼吁：在这一轮筛查当中，上海市民能够更好展现出这种城市的特质，认真、仔细进行这次核酸筛查。自检过程当中认认真真采样，仔仔细细采样，把结果做到非常准确。小到每个人，中到每一个基层干部管控过程当中、核酸筛查过程当中一个不落全覆盖，最后大家一起努力，将核酸筛查成为一次成功筛查检测，最快速度实现城市的动态清零，用最小的成本、最快的速度恢复日常的生活。最后我想说，抗击疫情、控制疫情，没你不行。L青春新肥矿的微博视频,1
31018,张-帆的主观,转：为啥叮咚，美团，盒马这种现有的成熟配送体系不用，非得逼着大家去使用各种小区团购，那种团购的配送人员，新冠病毒就自动绕开了？我说过很多次。现在shzf做的最差的就是信息不透明，你永远不知道明天会发生什么。,1
25423,萌顾不离L,#上海新增本土确诊322例无症状19660例#真的可以问责了，好吗,1
30832,HW前HR,上海只许胜不许败，国家卫健委：全国15省3.8万医务人员支援上海！这个支援规模破纪录，比支援武汉大多了，这里有大批核酸检测队伍。年后上海一直没有搞大规模核酸，捅的漏洞太大了，这补起来也难，好在需要深度治疗比例较低。估计上海核酸队伍差不多，因为部分小区没有疫情和密接，2天一次可以满足，最终达到差不多全市全员每天一次，把阳性每天都可以准确捞出来。上海出现阳性人员屡次三番跑兄弟省份祸害问题、封城还跑杭州的终于被立案。不过又出现冲突导致志愿者死亡的，这次真是被扒拉得太厉害。今天，国家卫健委新闻发言人米锋表示：①当前全国新增本土确诊和无症状快速增长，部分地区社区传播仍未阻断，疫情仍在高位运行，防控形势严峻复杂。②上海疫情防控正处在关键时期，国家卫健委已从全国15个省份调派医务人员3.8万余人和每日238万管核酸检测力量支援上海，将根据需要继续调派支援力量。,1
2235,菉葭苍苍,#上海为什么敢叫大上海#一座城市到底有大？容不下两个方舱？,1
39808,笑笑厨房,我的O'millsbakery上海徐汇区永嘉路路110号,1
8647,殷殷夏日长,看到丹东疫情的帖子，在上海的我真的太感同身受了。任谁被封久了都不会认同这套防疫机制的（没有说完全放开的意思，只是一味地封封封，处处受限真的不合理）。可能有人又要杠我，说家里有老人小孩，要是换成你你愿意不愿意？所以我作为一个有基础疾病刚做完一个大手术的患者的角度来谈这个问题。看到上海这两个半月的光怪陆离，我只想说，得了奥密克戎大概率不会死，但可能家里的老人小孩会因为没有核酸无法入院，或者道路封锁来不及救治的概率会更高。现在疫情没有大规模到你所在的城市，不代表以后不会有。现在你还没失业，还有饭吃，也不代表以后就不会。封了两个半月，物资少得可怜，前前后后的物资不超过加起来能撑一周左右吧，整个5月没有收到任何东西。团长们赚得盆满钵满高价团屡禁不止的同时，一家大超市面条涨价5毛都要被罚。我们集团在上海的工厂，封控期间，最大的客户把所有订单都撤走了。因为疫情，本来生意就不好，现在更是雪上加霜。没有订单了，刚可以复工就只能停工，现在在大规模裁员。小区里有关系好的邻居，她们楼前两天又有密接要被封，她老公想办法溜到公司去住了，说再不工作真的连养娃的钱都没有了。搁在以前，我准想这是不配合防疫，甚至会觉得她自私，封了两个半月后的我对她说，你老公真有办法，加油，一定能挺过去的。上海尚且如此，其他小城市可能会更烂。没有经历过这一切的，都没有资格指责。,1
24699,胡聊世界,上海人最近的生活是怎样的？#上海人最近的生活是啥样#O上海人最近的生活是怎样的？,1
7082,蝶舞-小小霹雳爱爸爸,"#上海疫情#嘉定体育场方舱医院，总共就一名医生，还没有药物。据护士说，本来上级跟她们说，入住的都是无症状的感染者，""活蹦乱跳的""，没有基础疾病。但是事实上来的什么人都有，上到糖尿病高血压的老年人，下到十来个月的婴儿都有。药物据说只有大约20厘米见方的一盒子连花清瘟，我因为咳嗽找医生开药，""轻微咳嗽不用开药，都是这样的""，我：""我晚上咳的非常厉害""，但是也只拿到了两小袋。止咳药水是没有的。可以说，嘉定方舱22日建成后，物资匮乏，药物储备不足，病人入住没有分级@上海发布你们准备好了么？就把人哐哐赶到嘉定体育馆?病人做完分级了么？听附近病人聊天，还有阴性的也被送了进来。我本来在酒店已经基本不咳，到了方舱两天，咳到胸口都开始痛了!",1
26795,老七,这是当时深圳7天之前的通知关于民生的部分,1
34997,胜利主义章北海,网友发来的，闵行区七宝八号桥批发市场，1000多人封在里面，存在交叉感染。#上海疫情正处于快速上升阶段#,1
32193,台腻high,#杏园雅集#网友“做个俗人，贪财好色”爆料，自己3.26从广西南宁拉了17吨白菜到昆山，28日凌晨两点左右到昆山高速排队5个小时下去了，然后等到下午市场不让沪牌进，司机全绿码、行程没星有核酸，就因为是沪牌就是不让进。最后因为种种原因造成白菜起热腐烂！全部被扔到了垃圾站！一颗没留就因为有一些刻板的破规定，整整17吨白菜就这么没了，17吨白菜，能解决多少买菜难问题。现在也终于明白为何一颗白菜会涨到80块，这一车车的白菜进不来，进来的白菜能不涨价吗？L台腻high的微博视频,1
9311,甄姬不放瓜,曹建华一小时前发视频说“所有黑粉们一会儿有惊喜”（已辟谣嫌犯。事为曹建华为蹭热度，一夜涨粉30万。）L甄姬不放瓜的微博视频,1
15971,李歆lixin,#常州疫情#下午朋友圈就突然炸了，说是有人从上海回来没报备，结果家里上初一的孩子今天在学校例行核检中发现阳了。然后学校紧急封了，下午五点多，一群初一的孩子家都没法回，全程由群里班主任直播汇报背着书包带去酒店隔离，设身处地想想那些家长们被这突如其来的通知搞得该有多崩溃。晚上八点，有街道通知全员核检，朋友圈路陆续有小区楼栋在封……都说上海群众被封在家，日子过得像在14+14+14的无限循环，而我在这种无限循环里却在忐忑不安的一面囤货等待靴子掉落，一面又忐忑看着倒计时每天祈祷着再坚持会儿啊，再坚持会儿。请，坚持住吧！求求了……,1
39630,中国新闻周刊,【#浦东卫健委回应市民投诉健康云检测结果有误#】浦东卫健委：今日（4月2日），网上传播的“上海市民与疾控中心对话录音”中，市民投诉其在“健康云”核酸检测结果为阴性，随后又接到疾控中心流调电话称检测结果为阳性，需要配合流行病学调查。对此，我们高度重视，相关情况目前正在调查中。#上海回应市民录音投诉健康云结果有误#,1
19108,愛牙丶舞,抗疫求助你好，真不好意思我又来求助了...老婆目前坐标青浦徐泾明珠家园至今没收到广西对口物资，徐泾有部分小区前天开始就收到了，甚至有消息在传广西对口物资分发至松江九亭了，如果可以还请帮忙核实下，不胜感激,1
12693,风闻社区,【公司成立5天就成为保供企业？官方回应来了】近日，宝山高境镇人民政府发布关于新一轮生活物资发放的公告引发关注，网友查询发现其中有物资供应商刚刚成立不过5天。23日，高境镇人民政府发布情况通报，经核查该公司于2022年3月22日向金山区亭林镇揽工路669号众璞园区申请注册，受疫情影响于5月17日经金山区市场监管局审核予以批准成立。,1
22064,财经网,【#男子从上海骑共享单车到广德#购买充电宝时被发现】4月12日上午，有广德市民发现，广德市区一家手机店门口拉起了警戒线，据称有一名男子从上海骑共享单车当天来到广德，曾到过这家手机店。据“幸福广德”微信公众号4月13日发布消息，4月12日上午10时许，广德市哈啰共享单车一名员工在广德市区团结路一红绿灯路口等红灯时，发现一辆哈罗共享单车上装有较多物品，这让他觉得不太正常，随即将车辆编码输入后台查询。后台显示：此共享单车之前在上海，后经辗转停留在广德。该工作人员考虑到目前防疫形势严峻，便立即报警。新安晚报、安徽网、大皖新闻记者4月13日从广德警方了解到，经公安机关核实，上述哈罗单车员工发现的共享单车是由湖南人陈某某骑行，4月6日从上海出发，准备前往湖南省，路过广德市时因手机没电，便在广德市升平街的手机店内购买充电宝。“幸福广德”消息，目前陈某某已经被集中隔离，核酸检测结果为阴性。另外，陈某某在广德市的经停场所已进行环境采样和消毒消杀，环境样本检测为阴性。（新安晚报）,1
20317,中国新闻网,【上海市新冠肺炎疫情防控新闻发布会】#关注新冠肺炎#4月13日0—24时，上海新增本土确诊病例2573例和无症状感染者25146例。4月14日上午10时，上海市政府新闻办举行上海疫情防控第153场新闻发布会，介绍疫情防控最新情况。L中国新闻网的微博视频,1
38069,财经网,#上海回应市民录音投诉健康云结果有误#【上海浦东新区卫生健康委员会发布《#关于市民投诉健康云检测结果有误的情况说明#》】浦东新区卫生健康委员会在其官方网站上发布情况说明，具体内容如下：今日（4月2日），网上传播的“上海市民与疾控中心对话录音”中，市民投诉其在“健康云”核酸检测结果为阴性，随后又接到疾控中心流调电话称检测结果为阳性，需要配合流行病学调查。对此，我们高度重视，相关情况目前正在调查中。（浦东新区卫健委）,1
11879,阿福Thomas,VLOG瘦了120斤后，回德国给爸妈惊喜！我妈：你谁啊？我姐姐：我弟弟走的时候是一整个，怎么回来就剩半个了？#团聚##令人心动的VLOG#L阿福Thomas的微博视频,1
3218,直新闻,#深圳30条纾困措施助企抗疫#【深圳市人民政府关于印发应对新冠肺炎疫情进一步帮助市场主体纾困解难若干措施的通知】3月25日，深圳市政府印发了《深圳市关于应对新冠肺炎疫情进一步帮助市场主体纾困解难若干措施》，共30条纾困措施，进一步减轻市场主体负担，全力帮助市场主体渡过难关。#深圳为全市市场主体减负超750亿#据深圳市人民政府副秘书长黄强在发布会上介绍，近期国家连续出台了对中小企业纾困帮扶和支持服务业工业企业发展等系列政策措施。一个月前广东省也出台了《进一步支持中小企业和个体工商户纾困发展的若干政策措施》，深圳市把降成本作为政策实施的重要发力点，围绕房屋租金减免、减轻水电气费用负担、疫情消杀补贴，缓交社会保险费等方面，拿出真金白银助企纾困，这些措施预计将为全市市场主体减负超过750亿元。同时对国家广东省出台的相关支持政策，深圳全面贯彻落实同类政策标准不一致的，按照从高不重复的原则，让企业充分享受政策红利与最大力度支持。O深圳市人民政府关于印发应对新冠肺炎疫情进一步帮助市场主体纾困解难,1
29633,我是MISS南,很多人现在都骂上海跑到其他地方去祸害人家封城的人。我也想骂，这些人连累我们上海挨骂我真的非常气。但我有一个问题啊，谁卖机票，卖火车票给他们的啊？你们敢骂这个卖票的机构吗？没票他自己走路来的？,1
40520,孤烟暮蝉,吉林控制住了，不容易,1
14428,对机取巧之道的林军,"全国个税收入暴跌51.3％背后，饿晕…,3月全国个人所得税收入同比下降51.3%，在这背后，便是3月越来越多的中国人的收入大幅度萎缩了。国家统计局公布的数据显示，3月全国个人所得税收入同比暴降51.3%。与此形成鲜明对比的是，疫情年份的2020年3月和2021年3月，这两年3月的个税复合同比增长率为16.3%。此外，2009年全球金融危机时的3月，当时全国3月个税收入同比下降幅度为16%。3月个税收入的暴跌，背后可能的原因之一是个税退税，但核心原因仍是居民收入的暴跌。值得注意的是，全国个税收入约80％左右来自于服务业，其中的很大一部分则是服务业中的个体商户。而3月的中国，疫情蔓延，到处充斥着封控。野村证券的一份统计数据显示，截至4月11日，国内已有45个城市实施了全域或部分封控措施。这45个城市的人口规模达到3.73亿，约占全国人口的26.4%，年度GDP体量约达46万亿元，占全国GDP的40.3%。",1
25984,孤沽,我发现外地朋友，尤其是平时不怎么喜欢冲浪的，对上海目前的现状真的完全不了解。昨天我一个广东朋友问我上海目前情况怎么样，听说上海吃不上菜，说看看能怎么帮我，能不能给我寄点过来。我当时又哭又笑，我说要是你寄过来我都能收到了上海也就不缺物资了呀。结果今天我爸也给我打电话，说听说上海物资紧缺，怕我吃不上饭，也说了同样的话，问能不能快递给我寄点好吃的过来。连续两天两次这样的对话我就感觉不太对劲，前两天跟同事聊也是，她是东北的，她说家里人过来关心她问她的问题都很奇怪，就你感觉离江浙沪比较远的城市听到的新闻跟上海本地每天经历的新闻是两个东西，要把这个事儿解释清楚都得从头讲一遍。我以前一直觉得网络是拉近物理上的现实距离最成功的发明，现在看来信息的筛选，缺失，滞后，让信息本身变得越来越失去可信度，尤其在混乱时期。每个人都只能基于已有信息，经过个人选择去构建，判断自己对事物的理解。信息可能不会让人断联，但更加容易让每个人，在同一件事，同一个问题是都看到，得到，理解到完全不一样的东西。哪怕我们此刻一起见证了上海疫情，等过去之后，我们所认知的疫情都可能是完全不同的两种灾难。只有处在漩涡中心，或亲身经历，或互联网上刚好见证过的那批人，才记得当初究竟具体发生过什么。,1
19392,北京晚报,【#北京朝阳上班族请先核酸后上班#】4月24日，在北京市新型冠状病毒肺炎疫情防控工作第313场新闻发布会上，朝阳区副区长杨蓓蓓表示，本轮疫情持续高发、隐匿传播，为有效阻断疫情传播，确保全区居民生命安全和身体健康，经研判，朝阳区扩大核酸检测范围，将从4月25日起对生活、工作在朝阳的人员进行核酸检测，25日、27日、29日每天检测1次。请居民朋友们根据所在社区通知，请驻区单位工作人员根据所在街乡或单位通知，及时有序参加核酸检测。请参加检测人员携带好身份证，根据通知分时分批前往采样点。并服从现场指挥，佩戴好口罩，保持一米距离。同时建议大家减少社会面活动。#北京朝阳建议市民减少社会面活动##北京朝阳上班族需先核酸后上班#（北京日报客户端记者孙乐琪刘苏雅）,1
3162,四川魏静,【上海是否会“封城”？上海相关部门回应：上海没有封城现在也不必封城】#上海疫情##上海相关部门回应是否封城#3月15日，上海市举行疫情防控工作新闻发布会，介绍近期疫情形势，并答记者问。L海客新闻的微博视频#大连发现90个混管样本核酸检测结果可疑阳性##本土疫情已波及28省份#,1
22822,观察者网,【美疾控悄悄更新数据，#2021成美国历史上最致命一年#】综合美联社、美国公共电视网（PBS）4月12日报道，美国疾控中心（CDC）近期发布的最新数据显示，2021年是美国历史上最“致命”的一年，死亡人数超过346.5万人，比2020年增加了约8万人。新冠疫情是导致死亡人数大幅增多的罪魁祸首，2021年美国与新冠相关的死亡人数为41.5万人，而2020年为35.1万人。除了疫情以外，药物过量死亡人数也继续上升。尽管目前药物死亡的数据还不完全，但截至10月份的临时数据显示，2021年美国将至少有10.5万人因服药过量死亡，高于前一年的9.3万人。此外，癌症、糖尿病、肝病和中风的发病率有所上升。,1
14055,HW前HR,上海新增感染者继续下跌，新增本土死亡8例，上海抛弃以前路子采用兄弟省份办法：5月7日上海新增本土确诊病例215例、无症状感染者3760例，出院出舱人数10780例！媒体报道：龚正一行来到徐汇区漕溪三村小区，详细了解不成套老旧房屋疫情防控情况，并察看新建的常态化核酸采样工作站，要求坚决以快制快，第一时间转运隔离风险人群，斩断疫情传播链条。上海明确要常态化核酸采集和第一时间转运风险人群了，这说明上海采用兄弟省份行之有效办法，抛弃以前那种偏投机取巧模式，这是好事。上海市卫健委今早（8日）通报：2022年5月7日0—24时，新增本土新冠肺炎确诊病例215例和无症状感染者3760例，其中135例确诊病例为既往无症状感染者转归，80例确诊病例和3749例无症状感染者在隔离管控中发现。新增境外输入性确诊病例2例，均在闭环管控中发现。2022年5月7日0—24时，解除医学观察本土无症状感染者9839例。2022年2月26日0时至2022年5月7日24时，累计本土确诊55599例，治愈出院48098例，在院治疗6965例（其中重型412例，危重型84例）。现有待排查的疑似病例0例。2022年5月7日0—24时，新增本土死亡8例。2022年2月26日0时至2022年5月7日24时，累计死亡536例。,1
9084,搜狐新闻,【谁在赋红码？河南多个部门回应：不了解】6月14日、15日媒体接连报道了部分河南村镇银行储户、烂尾楼业主健康码被“赋红码”的情况，公众普遍追问：到底谁在“调红”健康码，究竟哪些部门有权力“赋码”？为此，第一财经记者致电河南省多个部门，试图理清其中缘由，但得到的回复都是“不了解”。6月15日，记者致电河南省行政审批和政务信息管理局，该局工作人员表示，他对本次河南健康码被“赋红码”事件并不清楚。据《河南日报》6月14日报道，“升级版”的河南健康码系统已在河南全省上线，报道称，该平台的“升级版”健康码系统，是在河南省行政审批和政务信息管理局指导下，由正数网络技术有限公司提供专业技术支撑建设而成。河南省行政审批和政务信息管理局是否有权对健康码进行赋码呢？上述值班工作人员表示，该局主要是负责数据的汇聚、储存和加工，但有关健康码赋码的具体政策是怎么定，该局无权决定。至于此次转码事件的发生是否与技术有关时，他表示不清楚。此外，记者多次拨打了正数网络的电话，但一直无人接听。记者此前了解到，一般来说，健康码由各地政府主导开发，企业提供技术支持。数据部门只是转码执行的最后一个环节，转码权限仍在行政部门。同时，行政部门是有调取数据及修改权限的，比如赋码出错时可以提供个人信息来进行人工核对修改。另外，在正常情况下，决定赋码权限的，是疫情防控指挥部。不过，当记者致电河南省疫情防控指挥部值班室时，工作人员表示，她对“赋红码”一事并不清楚。更多内容请查看原文>>O网页链接,1
42114,燕赵都市报纵览新闻,"【#保定蠡县发现1名阳性感染者#，活动轨迹公布】2022年3月28日，我县检测发现一名阳性感染者，系在隔离管控人员中检出。现将其活动轨迹公布如下：该感染者为我县大曲堤镇人，在上海江桥批发市场从事麻山药销售，3月18日-3月26日在上海居住，期间23日混检结果异常，当日复检阴性。3月26日10:44从上海返回，乘G124次列车15:45在沧州高铁站下车，在高铁站乘坐救护车到达沧榆高速河间服务区。18:25在河间服务区乘出租车返回,19:19到达蠡县大曲堤镇后即单人单户居家隔离。3月27日在按规定频次核酸检测时结果初筛阳性。3月28日经保定市疾控中心复核检测，结果阳性。目前，已转至保定市定点医院隔离治疗。在此提醒广大人民群众：一、请中高风险地区或疫情发生地的来蠡返蠡人员，尤其是近期从上海、吉林等地返回人员，立即向居住地乡镇、社区（村）报告，主动配合做好核酸检测等各项防控措施。同时要做好自身健康监测，一旦出现发热、干咳、乏力、咽痛、嗅（味）觉减退、腹泻等可疑症状时，要做好个人防护，前往就近的发热门诊或定点医院就诊排查，如实告知旅居史和接触史，就医途中不得乘坐公共交通工具。二、请广大群众自觉遵守各项疫情防控规定，严格落实个人防控责任，养成良好生活习惯，勤洗手、多锻炼，出门戴口罩、用公筷、常通风、少流动、不聚集、“一米线”等良好卫生习惯，主动接种新冠疫苗。三、请广大群众不信谣、不传谣、不造谣，密切关注官方权威发布的信息。对不按规定落实疫情防控措施、不如实报告个人行程、引起传染病传播，造成严重后果的，将依法严肃追究法律责任。（蠡县发布）",1
27234,浪里赤条小粗林,广州怎么也……💔,1
5008,重庆发布,#重庆城市服务台##重庆疫情通报#【重庆市南岸区报告1例本土无症状感染者，系市外返渝人员】3月26日，南岸区报告1例本土无症状感染者。初步调查显示，该员于3月24日自市外乘坐9C8995航班抵达重庆，3月25日到社区报备后被隔离管控。3月26日，根据实验室检查结果、影像学特征和临床症状，经专家组会诊，判定为无症状感染者，正在接受医学观察。市、区相关部门迅速行动，正开展相关处置工作。后续情况将及时发布。（来源：重庆市卫生健康委员会）,1
8273,HW前HR,北京、上海、深圳三城抗疫赛跑，过程真是曲折啊，上海连续3天领先消失了，出现社会面病例！而北京则还没有清零。6月26日0时至15时，北京新增本土新冠肺炎病毒感染者2例，均为隔离观察人员。其中，通州区1例，经开区1例；普通型1例，轻型1例。6月26日0-17时上海社会面新增2例本土无症状感染者，两地列为中风险地区。6月26日0-12时，深圳无本土新增病例。今天最新情况看，上海的优势又消失了，让我有点失望，这个中国最大城市不尽快恢复去星，就会影响大家的信心和影响这个中国经济节点发挥能量。希望深圳尽快消除影响，虽然深圳这次抗疫不影响出行、吃饭和办公室工作，不过还是影响福田区一些室内娱乐活动3天的。北京的主要是影响了上学，基本上废了将近半个多学期，不容易啊。深圳、北京、上海轮流交替领先，上海从最领先退入最后，北京从曾最领先退入过落后位置，深圳也一样，都是循环在跑。深圳肯定可以解决，希望上海北京也尽快搞定，不要再有社会面病例了。LHW前HR的微博视频,1
25291,刘同,如果你没时间读书，我帮你读读也行。今天读的是《北野武的深夜物语》（就是《菊次郎的夏天》的那个主演和导演，也是说东京奥运会开幕式好看到睡着的那个“可爱老头子”）L刘同的微博视频#读书#,1
6693,蘇视频,#苏州战疫#【#苏州新增本土无症状感染者10例#】据苏州市疫情防控2022年第79号通告，3月26日0至24时，苏州无新增新冠肺炎本土确诊病例，新增本土无症状感染者10例。新增境外输入无症状感染者2例。近期，苏州市新增感染者均为周边外省市中高风险地区来返苏州的货运、通勤等重点人员及其关联人员。L蘇视频的微博视频,1
12511,警民直通车-上海,#警情通报#,1
15074,大河财立方,【郑州东站病例系外省确诊病例中转时传播】5月3日，大河报·大河财立方记者从郑州市新冠肺炎疫情防控指挥部新闻发布会上获悉：通过对近期疫情的流调溯源、核酸检测和基因测序情况综合分析，3月份以来至4月30日，郑州市主要经历了两波疫情，整体传播链条较为清晰，均已得到及时管控，疫情传播风险基本可控。4月30日至今，通过核酸检测发现的郑东新区高铁站工作人员传播链，目前基本判定为外省确诊病例在高铁东站中转时传播所致。#郑州东站病例系外省确诊病例中转时传播#（大河报·大河财立方记者唐朝金贾永标文王琳琳剪辑）L大河财立方的微博视频,1
15582,风闻社区,【#上海一小区门口当街摔活鱼#居委：团长上报了冷鲜鱼，活鱼不能进小区】5月9日，网传一条视频显示：上海某小区门口，有人在徒手摔死活鱼。经东方网·纵相视频核实，该小区位于静安区大华阳城花园。静安区彭浦镇阳城居委会一工作人员解释，活鱼系小区居民自行团购，团长之前报备的是冷鲜鱼，如果报备的是活鱼，居委会不可能批准其采购。该小区团长知道活鱼不能进小区，所以在小区门口将鱼摔死后送进小区。@东方网L东方网的微博视频,1
40800,反射弧超长星人影九,#上海回应市民录音投诉健康云结果有误#如果这个事是真的上海可算是以一己之力击碎了全国各地对健康码的信任,1
14428,对机取巧之道的林军,"全国个税收入暴跌51.3％背后，饿晕…,3月全国个人所得税收入同比下降51.3%，在这背后，便是3月越来越多的中国人的收入大幅度萎缩了。国家统计局公布的数据显示，3月全国个人所得税收入同比暴降51.3%。与此形成鲜明对比的是，疫情年份的2020年3月和2021年3月，这两年3月的个税复合同比增长率为16.3%。此外，2009年全球金融危机时的3月，当时全国3月个税收入同比下降幅度为16%。3月个税收入的暴跌，背后可能的原因之一是个税退税，但核心原因仍是居民收入的暴跌。值得注意的是，全国个税收入约80％左右来自于服务业，其中的很大一部分则是服务业中的个体商户。而3月的中国，疫情蔓延，到处充斥着封控。野村证券的一份统计数据显示，截至4月11日，国内已有45个城市实施了全域或部分封控措施。这45个城市的人口规模达到3.73亿，约占全国人口的26.4%，年度GDP体量约达46万亿元，占全国GDP的40.3%。",1
6360,茶者李乐骏,沪上情况不容乐观。其它城市也别得意，最优治理之城尚且如此，其它苟且之地可想而知。对张医生的崇拜已经退潮。他不过是中国草民心中又一个包青天，又一根救命稻草罢了。一人永远无法拯救众人，唯有众人汇集而成的制度与共识能救众人。奈何。#上海承载全国乃至全球重要功能#,1
31817,妇产科刘恒炜医生,#上海新增本土确诊322例无症状19660例#感觉上海这一轮疫情还看不到头，都已经事实封城的情况下还有一对母女能成功前往杭州“投毒”，各个交通站点、关卡都要彻底检查，防止外溢，想当年武汉封城，壮士断腕，全民同心配合，那么恶劣严峻的形势都过来了。上海的基层动员能力较弱，武汉当年做到了社区每家每户敲门、打电话核对。这一点确实做得很好。,1
29151,在瓜田里犯了错,一对确诊的母女行程:从上海坐火车到杭州，无行程码乘车，逛商场不带口罩，面对防疫人员甚至还在笑。。。,1
6079,SH甜面酱,2020年年初上海那次封城，上海运气，正好在春节假期，大多数外地人都回去了。为什么我记得这么清晰？因为上海人14天隔离以后都上班了，而外地同事回上海后要隔离7天，然后他们有室友回来接着隔离7天，再有室友回来继续隔离7天。所以这段时间主要是上海人在累死累活坚守岗位。这轮疫情，真要封难度比上次难多了。不说货运港口要转运集装箱，就最简单一点：这么多人吃饭就是个大问题很多出租房甚至把厨房当单间租出去的，是吧，我说的是不是你？你周围肯定有人三餐不能自理的，靠便利店外卖续命的？所以封城简单，封了之后呢？要么先放走一批人再封？向上次那样？别扯什么离了上海地球照转。指点江山前先安顿好在沪老乡要紧，别到时候一一发微博求救饿死人了你又送不了饭,1
32951,湖北日报,【#湖北医疗队援沪首日完成39.9万名居民核酸采样#】4日全天，湖北援沪医疗队39家医疗机构共计740名医护人员分两组，分别进入闵行区浦江镇、长宁区新泾镇，在辖区卫健部门的配合、当地基层社区的支持下，共完成39.9万名居民的采样工作。为提高混检采样效率，我省医疗队的队员们与各社区工作人员及志愿者们密切配合，严格按照十人登记放行，既有效保障排队间隔秩序，又便于对“十人一管”进行复核，保质保量完成任务。针对行动不便的老年人，医疗队安排队员为他们开展上门采样服务。有的小组还创造条件，将电动三轮车改造成“流动采样车”开到小区楼栋前，让居民少跑腿。在参与核酸检测的同时，我省援沪医疗队还在积极开展人员培训、物资准备，并与上海市防疫指挥部进一步对接，商讨方舱医院接管相关事宜，时刻准备投入方舱医院的救治工作。（湖北日报全媒记者龙华、通讯员孙苗）#上海加油鄂来守沪##上海是我们金银潭的一部分#,1
16718,北京晚报,【#北京正在着手建设方舱医院#市卫健委：防患于未然，大家不用紧张】4月30日，在北京市新型冠状病毒肺炎疫情防控工作第320场新闻发布会上，北京新冠肺炎疫情防控工作领导小组检疫检测工作组副组长，市卫健委副主任、新闻发言人李昂介绍，建设方舱医院，目的是集中收治轻症和无症状患者，是及时阻断新冠肺炎疫情传播的有效手段，也是减少医疗资源挤兑，保障市民及时得到医疗救治服务的重要措施。本市按照“宁可备而不用、不可用而不备”的思路，本着“预防为先、做足准备”的原则，着手准备方舱医院储备建设工作，以便在确有需要时，可及时提供集中隔离场所。目前，已经完成4000张床位的改建储备任务，我们还在一些大型场地抓紧规划建设较大规模方舱，相关区也在着手开展方舱医院选址及规划改建等工作。大家不用紧张，北京没有那么多病人，但我们要未雨绸缪，希望能够通过市区两级的共同努力，为市民打造疫情防控的坚实屏障。具体到方舱医院建设，将遵照“简洁、安全、高效”原则，设计、施工力求科学合理。充分利用现有建筑设施，在符合方舱医院建设标准和安全前提下，做到细致设计，体现人文关怀，确保工程优质，满足各项使用功能需要，符合安全卫生、经济合理、快速实用等基本要求。（@北京晚报记者孙乐琪实习记者何蕊李磊摄）#北京正着手建设方舱医院#,1
32731,地瓜熊老六,【#上海一男子在物资分发现场发火#：我们缺的不是破牛奶】4月2日，上海。某小区第二次发放物资现场，一男子对现场工作人员发火，该男子称：“我们缺的是蔬菜、米、肉、蛋，而不是这些破牛奶。”#上海物资#（来源：@猫头鹰视频）L猫头鹰视频的微博视频,1
18728,liknight,反正只要不平价卖给上海老百姓，卖去哪里都行，卖不出去就烂在地里也行👏,1
14619,荐见,上海纪事。“上海虹桥站，简直就是多少人朝圣的地方。什么徒步布达拉宫……这才是真正的徒步。”这位即将抵达“圣地”、看见曙光的人，拍视频记录下了这一刻时说,1
27150,拆台CT,#上海新增本土确诊1006例无症状23937例#吴凡：上海要实现“动态清零”，因时、因势、因地考量防控措施,1
10519,马上谈,4万亿核酸检测窝案！越南爆出惊天大案！卫生部长与上市公司串谋核酸检测，被开除党籍公职！L马上谈的微博视频,1
14331,北京人不知道的北京事儿,网友投稿，你见过这么安静的国贸吗？,1
39390,无为李爷,指点江山的长篇大论呢？该更新啦。,1
110,新华社,【权威快报|#最新版新冠病毒肺炎诊疗方案公布#】《新型冠状病毒肺炎诊疗方案（试行第九版）》于15日公布。方案做出以下调整：①优化病例发现和报告程序；②对病例实施分类收治，根据病情确定隔离管理和治疗场所，轻型病例实行集中隔离管理，普通型、重型、危重型病例以及有重症高风险因素的患者应在定点医院集中治疗；③进一步规范抗病毒治疗，将国家药监局批准的两种特异性抗新冠病毒药物写入诊疗方案；④对中医治疗内容进行了修订完善；⑤调整解除隔离管理、出院标准；⑥调整解除隔离管理、出院后注意事项，将“出院后继续进行14天隔离管理和健康状况监测”修改为“解除隔离管理或出院后继续进行7天居家健康监测”。（记者董瑞丰、徐鹏航，海报设计杨轶群）,1
33287,沉默的山羊,本轮疫情，上海和吉林是重灾区。,1
22691,范湉湉Vila,急需输血！#抗疫求助#,1
168,Lummy_周佳汝,Lummy的20/1000和21/1000潮玩开箱#早春轻颜vlog##早春轻颜look#Lummy_周佳汝一起吃汉堡吗🍔LLummy_周佳汝的微博视频,1
37639,子午侠士,#上海新增本土确诊260例无症状6051例#密接也是绿码？也就是说该人只要有核酸证明就能出市？我想问上海市府：你们开什么玩笑？,1
43209,忘忘,死要面子活受罪的上海终于封城了这次上海给全国做了一个深刻的示范一个上海在不躺平的情况下都有各种问题网上已经出现各种求医难，求物质难的信息了我国人口基数这么大，一旦开放，不敢想象这次#支援上海#再等等，一切都会好起来的,1
15715,林岳芳,#上海疫情##北京疫情#胡锡进这番言论，好像是在为躺平作铺垫嘛。也就是说，要么北京控制住疫情，不然，应该跟民众坦率说清楚之后，放开躺平。他的理由很清楚：为了经济。他肯定算了一笔疫情次生灾害带了的经济损失。但是，放开躺平之后的经济损失有多大，不知他他算了没有？是举一国之力清零，还是带领十四亿民众躺平，你怎么看？,1
19432,明日方舟朝陇山,#明日方舟#X#潮玩星球#〓莱茵特别补给点即将开启〓补给时间：2022年夏即将开启后续请关注@明日方舟朝陇山@IPSTAR潮玩星球,1
14221,老巴SMS,创新狂人马斯克三句话：“我投资推特是因为我相信它有潜力成为全球言论自由的平台，我相信言论自由是一个正常运转的民主社会的必要条件。言论自由是一切自由的基础；思想自由，是一切创新的源泉；资本不剥削人，权力才剥削人。”马斯克自称是“言论自由的绝对主义者”。你认为马斯克的言论对吗？老巴画的马斯克像吗？#财经#,1
42266,孤独星球星球,对比下其他城市，可以发现，现在上海市政府的方式，明显不是抗疫，而是在保证病毒能够持续传播的情况下，让居民尽可能感受到防疫政策对生活带来的困难，从而让居民反对防疫政策，这样就可以让上海以及全国一起被动选择'与病毒共存'的结局按现在日增3500的情况，正确的措施应该是大规模招募社区志愿者，全国求援，全市封城，每日1检测，送菜上门。核酸检测点避免隔离。人手不足的地区2日一检测，允许每户每2日凭核酸阴性出门一人次，直到志愿者人数充足可以保证送菜上门为止。同时大规模修建、征用临时隔离设施，确诊和密接使用不同的隔离设施。如此执行，封城不设置固定日期，而是以社会面清零为准。现在情况明显不是这样。#上海浦东新区全区封控管理4天#,1
16941,明德先生,#北京疫情#明德先生｜我在北京，依然没有囤积粮食到现在，我依然没有囤积粮食。早两天去菜市场逛了一圈，听那里的卖菜师傅多，新发地的货源很充足，除了鸡蛋稍微缺点，别的都没问题。第2天一早，就看到一大堆的鸡蛋拉了过来，所以这里的物资是不短缺的。但是恐慌会蔓延，有些朋友看到外省的前车之鉴，不自觉的想要多囤点东西，以至于突然就造成盒马、美团等运力不足，在短时间内产生大量的运单，客观上助长了恐慌的蔓延。但随着时间的推移，人们慢慢就平静多了，因为物资仍在源源不断地供应着这座城市，我们的心情一如往常的平静。不是说我们不害怕病毒，而是北京的方方面面都给人一种舒心的感觉。政府发布会公开透明，你听不到我们星火姐姐鼓吹什么5个度，也听不到她狂拍上级的马屁，你听到的只有数字与利民举措，事实比一切其他花里胡哨的东西更让人安心。这里的人积极参加志愿者，一个朋友给我私信，说他们社区一共只有8个工作人员，要招募16个志愿者，结果报了83个人。这就是我们这座可爱的城市，以及它的日常。身处北京的我，之所以没有去囤积粮食，是因为我相信，抗疫的核心问题在于统一思想，这个城市用行动告诉我们，动态清零是它坚定不移的选择，所以我们有什么理由去给自己制造恐慌呢？只是可惜了这个五一假。但我相信，即便错过了春暖花开的日子，也终会迎来疫情散去的夏日时光，北京加油💪,1
12041,游有方2010,分享图片,1
18356,北京晚报,【#北京近期48例感染者涉多名外地返京人员#！#北京出现隔离点感染病例#】4月17日0时至18日16时，北京新增5例本土感染者，其中海淀区3例、丰台区2例，均为集中隔离管理的密接者。自4月3日以来，北京累计报告48例感染者，涉多名外地返京人员、并出现隔离点感染病例。#吴尊友发文解读动态清零及相关误解#（北京日报微信公众号记者张力实习生李俊瑶）,1
42816,新浪新闻,【3月28日5时至4月1日5时，#上海浦东新区全区封控管理4天#】3月27日，浦东新区新冠肺炎疫情防控指挥部发布一则通知↓亲爱的居民朋友们：根据本市疫情防控工作的统一部署安排，将于3月28日5时至4月1日5时，在浦东新区全区范围实施严格封控管理4天，期间开展两次核酸检测，间隔至少24小时。请广大居民不要焦虑、安心放心，积极配合做好这次核酸筛查工作，早日实现社会面动态清零。检测具体时间、注意事项及后续工作措施，请居民朋友们关注属地街镇和居委会相关公告、提示。衷心感谢您的理解支持！我们将用心用情做好服务，为大家解决封控期间的急难愁问题。让我们齐心协力、众志成城，坚决打赢疫情防控阻击战！（来源：浦东发布）,1
32180,林哥观察,有篇文章评论上海和深圳，说到点子上了，根本就不是疫情问题。#上海核酸##上海物资#,1
12939,白日梦都会实现的咸鱼,分享视频L满脸麻子王二吖的微博视频,1
14185,潇湘剑客唐世平,第一张是今天的帝都国贸附近（盗图）。第2-4张是魔都。帝都人民只是不比魔都人民稍微晚点感受一下气氛……,1
37880,V闪闪,#宝山区淞南菜场#务工人员也面临困境我想强调，我们的政府是人民政府，应该善待我们的劳动人民。尤其在现在这种危难时刻，不能让基层民众总受苦，确实资源紧张，但是合理的分配和全国支援都是应该的。刚刚解决了#上海闵行区七宝八号桥批发市场#务工人员的生存隔离问题。也有网友投稿说#宝山区淞南菜场#存在一样的问题。这件事，希望上海本地朋友们的核实。网友原话：也请大家帮帮#宝山区淞南菜场#的人们吧…他们也只是普普通通，平平凡凡的人。他们也不想“被感染”。可这样的处置和环境，毫无疑问，也只能等着一点一点交叉感染。3月29日凌晨两点，菜场被封(但老百姓没有通知不来，他们以为还要继续上班），当日上班时才知晓被封，于是便让摊位营业者都回家。很恐慌，于是摊位营业者在此期间纷纷回家，准备居家不再外出。到中午又接到通知说让下午2点全部归位，大家也很配合也信任所谓的48小时处理，便又纷纷回到了菜场。当时的说法是：菜场隔离48小时后会将阴性放出(其实这里已经不合理了，居家又召回）。直到今天，他们依然关在里面打地铺，混检了好几次，而且混检过程里和自测过程里已有阳性，却依然关在一起。未消杀且阳性未带离。期间向区里和淞南镇反应，未果。大家都很担心，这样的处理，这样环境下，最后只会让100多人都被感染上。据说在里面，每天也只有泡面，更别提洗漱了。这件事如果属实，也请@上海发布给予解决，#上海疫情##上海疫情求助#LV闪闪的微博视频,1
37471,神嘛事儿,这次两波疫情热点，一个深圳，一个上海，原本被认为是自由思想泛滥的深圳反而果断把自己关了，没几天就高速公路换轮胎跑得欢，而被认为是旗帜的上海搞得一塌糊涂，深圳完全不相信欧美那套东西，尽管深圳距离西方世界比谁都近，不久前深圳的官号发了一篇文章批判上海莫名其妙的防疫政策，质疑其意识形态，深圳是特区，结果意识形态认知比上海不知道正到哪里去，上海在干嘛呢，搞形式主义，吃咖啡，跳感谢操，完了顶不住大家都阳性了，到现在还不肯把自己定成高风险，死鸭子嘴壳子硬，还想吃青菜，令人费解,1
1163,刘新征,关于疫情封控，有人退休金领着，封城1年也不算过度，有人每天出摊，封小区7天就可能全面断供，每个人在防疫下受到的影响是严重不均匀的，我们不能一直无视这种严重不均。——至少要是可讨论的，至少要让那些收疫情封控影响大的人说法，不要一张嘴就扣帽子，说人家不顾老年人死活，说人家要钱不要命，让人家滚回美国爹那里去。多少有点共情能力，在你的灾难承受能力强比其他人强的时候，让这些人说两句话不行吗。。。,1
31360,火龙锅0416,#宝山物资#送上热搜，宝山顾村3.20到现在封闭，一点物资没有发。求政府做个人吧，买不到菜要饿死我们吗全国都物资，你们放哪里去了？？？？#上海宝山#O网页链接,1
3117,中事,“上海封上一周不行吗？”不行！因为上海承载全国乃至全球重要功能#上海为什么不能封城#L中事的微博视频,1
26923,sunwear,本来打了很多字，但后来全部删掉了，因为说太多反而会牵扯很多话题，也不想评论里大家吵起来。现在缩减一下就是。希望上海加油，早日结束这该死的疫情。我虽然不是上海人，但选择这个城市定居生活是真的很喜欢这里，也代表这个城市有它独特的魅力和众多能吸引人的优点。这波爆发的疫情击溃了平时能稳定运行的系统，这种崩溃一泻千里。两千多万人口的一线城市，很不容易。而疫情期间撕裂的关系裂痕修复起来要很多时日。,1
34389,啦啦啦Na呀,#全国已有上万名医护人员驰援上海#2020至今，最拉的城市！没有之一！！！！关键这种时候某些上海人，还在那排外，还看不起其他地方支援的物资！！求求上海，保护好各地的医护人员！！！,1
8469,回归莱那个糯系列,没转吉林市丹东市等一系列三四线封城求助是因为我坚信转了也没用，一二线省会城市还会稍微注意以下舆情，毕竟是一个地区或者一个省的脸面，剩下的市县全看命。这种城市也没有什么吸引人才的需求（反正人都是要跑的），经济发展全面让步于（），生动再现“你喊破喉咙也没用”。,1
14265,裸枪,#抗疫先锋叶财德#他不是网红，但他是真的专家！作为国家卫生健康委应对新冠肺炎疫情社区防控基层卫生专家组专家，叶财德第一时间奔赴武汉、天津、广东、福建、宁夏、青海等国内疫情“火线”，带队处置了北京新发地、顺义、大兴等多起疫情。每次战疫中的逆行，他践行着“守护美丽家园”的初心和使命。作为一名中医全科医师，叶财德扎根基层十余年，用心用情服务居民，探索基层卫生服务新模式，普及健康知识，传播健康理念。2021年5月28日第74届世界卫生大会上，世卫组织授予中国援鄂专家吴浩“世川卫生奖”，他也是第三位获此奖项的中国专家。,1
